subreddit,year,month,ticker,monthly_mention_sentiment_score,weight,weight_pct
stocks,2024,1,NVDA,15.812399999999998,0.18103,18.1
stocks,2024,1,AMD,10.6725,0.12568,12.57
stocks,2024,1,TSLA,9.354699999999998,0.11149,11.15
stocks,2024,1,BYD,8.1097,0.09809,9.81
stocks,2024,1,AAPL,7.278199999999999,0.08913,8.91
stocks,2024,1,GME,3.7256999999999993,0.05088,5.09
stocks,2024,1,SBUX,3.1404,0.04458,4.46
stocks,2024,1,BABA,3.008599999999999,0.04316,4.32
stocks,2024,1,NIO,2.8376,0.04132,4.13
stocks,2024,1,UNH,2.5064,0.03775,3.78
stocks,2024,1,META,2.4578,0.03723,3.72
stocks,2024,1,INTC,2.3355,0.03591,3.59
stocks,2024,1,IBM,2.2958,0.03549,3.55
stocks,2024,1,ARM,2.2694,0.0352,3.52
stocks,2024,1,AMC,2.0686,0.03304,3.3
stocks,2024,2,NVDA,23.9739,0.20794,20.79
stocks,2024,2,AMD,12.659099999999995,0.11373,11.37
stocks,2024,2,TSLA,7.7793,0.0731,7.31
stocks,2024,2,TSM,7.266,0.06882,6.88
stocks,2024,2,AAPL,7.0825,0.0673,6.73
stocks,2024,2,MSFT,6.541999999999999,0.0628,6.28
stocks,2024,2,META,5.566699999999998,0.05468,5.47
stocks,2024,2,PLTR,5.352499999999999,0.05289,5.29
stocks,2024,2,AMZN,5.181199999999998,0.05147,5.15
stocks,2024,2,ASML,4.7842,0.04816,4.82
stocks,2024,2,INTC,4.7724,0.04806,4.81
stocks,2024,2,SMCI,4.3295,0.04437,4.44
stocks,2024,2,GOOGL,3.9342,0.04108,4.11
stocks,2024,2,NFLX,3.0295,0.03355,3.36
stocks,2024,2,RKLB,2.8496,0.03205,3.19
stocks,2024,3,NVDA,13.014899999999995,0.18759,18.76
stocks,2024,3,AMD,9.812899999999996,0.14473,14.47
stocks,2024,3,MSFT,7.164,0.10928,10.93
stocks,2024,3,GOOGL,4.5023,0.07365,7.36
stocks,2024,3,TSLA,4.2162,0.06982,6.98
stocks,2024,3,AMZN,3.138,0.05539,5.54
stocks,2024,3,PANW,2.5304,0.04725,4.72
stocks,2024,3,AAPL,2.2245999999999984,0.04316,4.32
stocks,2024,3,LOT,2.1342,0.04195,4.2
stocks,2024,3,MSTR,1.927,0.03918,3.92
stocks,2024,3,WBD,1.8835,0.0386,3.86
stocks,2024,3,PR,1.8641,0.03834,3.83
stocks,2024,3,ARM,1.8147999999999995,0.03768,3.77
stocks,2024,3,TSM,1.7633999999999992,0.03699,3.7
stocks,2024,3,ASML,1.7195,0.0364,3.64
stocks,2024,4,NVDA,11.0649,0.16477,16.48
stocks,2024,4,AMD,7.026799999999998,0.10962,10.96
stocks,2024,4,TSLA,7.0047,0.10932,10.93
stocks,2024,4,META,5.558,0.08956,8.96
stocks,2024,4,SBUX,4.4572,0.07453,7.45
stocks,2024,4,CELH,3.4446,0.0607,6.07
stocks,2024,4,GE,3.0304,0.05504,5.5
stocks,2024,4,FCF,2.7293,0.05093,5.09
stocks,2024,4,MSFT,2.589299999999999,0.04902,4.9
stocks,2024,4,TSM,2.3662,0.04597,4.6
stocks,2024,4,AAPL,1.9584,0.0404,4.04
stocks,2024,4,AMZN,1.8931999999999989,0.03951,3.95
stocks,2024,4,SNOW,1.7665999999999995,0.03778,3.78
stocks,2024,4,AGI,1.679,0.03659,3.66
stocks,2024,4,COST,1.6559,0.03627,3.63
stocks,2024,5,NVDA,16.6212,0.21907,21.91
stocks,2024,5,AAPL,5.121199999999999,0.0761,7.61
stocks,2024,5,AMD,4.7591,0.0716,7.16
stocks,2024,5,MSFT,4.6335,0.07004,7.0
stocks,2024,5,ASML,4.0462,0.06273,6.27
stocks,2024,5,ELF,3.7559,0.05913,5.91
stocks,2024,5,LULU,3.5564,0.05665,5.66
stocks,2024,5,SBUX,3.4275,0.05504,5.5
stocks,2024,5,AMZN,3.101799999999999,0.05099,5.1
stocks,2024,5,GME,3.049399999999999,0.05034,5.03
stocks,2024,5,ULTA,2.9235999999999995,0.04878,4.88
stocks,2024,5,CELH,2.8385,0.04772,4.77
stocks,2024,5,IBM,2.6389,0.04524,4.52
stocks,2024,5,FCF,2.5234,0.0438,4.38
stocks,2024,5,PFE,2.4403999999999995,0.04277,4.3
stocks,2024,6,NVDA,28.7031,0.29276,29.28
stocks,2024,6,AMD,12.9405,0.1374,13.74
stocks,2024,6,AAPL,6.7111,0.076,7.6
stocks,2024,6,MSFT,5.3287,0.06238,6.24
stocks,2024,6,AMZN,4.7619,0.05679,5.68
stocks,2024,6,ARM,3.713,0.04645,4.64
stocks,2024,6,ASML,3.6866,0.04619,4.62
stocks,2024,6,AGI,3.2666,0.04205,4.2
stocks,2024,6,TSM,2.9281999999999995,0.03872,3.87
stocks,2024,6,TSLA,2.9208,0.03864,3.86
stocks,2024,6,GME,2.7494000000000005,0.03695,3.7
stocks,2024,6,NKE,2.3821,0.03333,3.33
stocks,2024,6,API,2.2824,0.03235,3.24
stocks,2024,6,META,2.217299999999999,0.03171,3.17
stocks,2024,6,NIO,1.8673,0.02826,2.83
wallstreetbets,2024,1,NVDA,32.45949999999996,0.19319,19.32
wallstreetbets,2024,1,AMZN,26.6403,0.15959,15.96
wallstreetbets,2024,1,DDOG,18.8214,0.11445,11.44
wallstreetbets,2024,1,AMD,9.405399999999984,0.06008,6.01
wallstreetbets,2024,1,MARA,8.639099999999996,0.05565,5.56
wallstreetbets,2024,1,SMCI,7.461699999999991,0.04886,4.89
wallstreetbets,2024,1,ZIM,6.824199999999995,0.04518,4.52
wallstreetbets,2024,1,AMC,6.594599999999996,0.04385,4.38
wallstreetbets,2024,1,TSLA,6.44189999999996,0.04297,4.3
wallstreetbets,2024,1,SOFI,6.391499999999994,0.04268,4.27
wallstreetbets,2024,1,IBM,6.071699999999998,0.04083,4.08
wallstreetbets,2024,1,AAPL,5.987599999999993,0.04035,4.04
wallstreetbets,2024,1,JBLU,5.8061,0.0393,3.93
wallstreetbets,2024,1,MSFT,5.440099999999994,0.03718,3.72
wallstreetbets,2024,1,CALM,5.2089,0.03585,3.58
wallstreetbets,2024,2,NVDA,124.68249999999998,0.31913,31.91
wallstreetbets,2024,2,SMCI,51.220399999999934,0.1326,13.26
wallstreetbets,2024,2,AMZN,32.1238,0.08411,8.41
wallstreetbets,2024,2,DDOG,29.905,0.07847,7.85
wallstreetbets,2024,2,AMD,28.50809999999999,0.07493,7.49
wallstreetbets,2024,2,PLTR,19.0113,0.05081,5.08
wallstreetbets,2024,2,META,18.04359999999999,0.04835,4.84
wallstreetbets,2024,2,ARM,15.74409999999998,0.04252,4.25
wallstreetbets,2024,2,MSFT,11.8566,0.03265,3.26
wallstreetbets,2024,2,DKNG,9.599199999999996,0.02691,2.69
wallstreetbets,2024,2,COIN,8.019999999999996,0.0229,2.29
wallstreetbets,2024,2,MARA,7.728599999999989,0.02216,2.22
wallstreetbets,2024,2,SOUN,7.647099999999993,0.02196,2.2
wallstreetbets,2024,2,AAPL,7.4395,0.02143,2.14
wallstreetbets,2024,2,BABA,7.299199999999996,0.02107,2.11
wallstreetbets,2024,3,NVDA,103.02079999999984,0.25583,25.58
wallstreetbets,2024,3,AMZN,47.9102,0.12029,12.03
wallstreetbets,2024,3,DDOG,45.5676,0.11453,11.45
wallstreetbets,2024,3,TSM,43.87179999999996,0.11036,11.04
wallstreetbets,2024,3,CRWD,23.8734,0.06117,6.12
wallstreetbets,2024,3,DJT,23.39199999999997,0.05999,6.0
wallstreetbets,2024,3,AMD,20.7717,0.05355,5.36
wallstreetbets,2024,3,PLTR,15.006399999999994,0.03937,3.94
wallstreetbets,2024,3,MSTR,14.4225,0.03793,3.79
wallstreetbets,2024,3,SMCI,11.608999999999993,0.03101,3.1
wallstreetbets,2024,3,COST,9.929599999999992,0.02688,2.69
wallstreetbets,2024,3,AAPL,9.891399999999992,0.02679,2.68
wallstreetbets,2024,3,BBAI,8.029299999999992,0.02221,2.22
wallstreetbets,2024,3,COIN,7.181699999999999,0.02012,2.01
wallstreetbets,2024,3,ARM,7.1224,0.01998,1.99
wallstreetbets,2024,4,NVDA,28.26319999999996,0.16959,16.96
wallstreetbets,2024,4,AMZN,26.1193,0.15716,15.72
wallstreetbets,2024,4,DDOG,23.7744,0.14357,14.36
wallstreetbets,2024,4,DJT,17.116499999999974,0.10499,10.5
wallstreetbets,2024,4,AAPL,11.826699999999985,0.07433,7.43
wallstreetbets,2024,4,SMCI,10.57819999999999,0.0671,6.71
wallstreetbets,2024,4,AMD,9.271299999999997,0.05953,5.95
wallstreetbets,2024,4,MO,4.793699999999999,0.03358,3.36
wallstreetbets,2024,4,IBM,4.3055,0.03075,3.08
wallstreetbets,2024,4,CMG,3.968899999999999,0.0288,2.88
wallstreetbets,2024,4,COIN,3.870399999999999,0.02823,2.82
wallstreetbets,2024,4,PLAY,3.586099999999999,0.02658,2.66
wallstreetbets,2024,4,PAA,3.578399999999996,0.02653,2.65
wallstreetbets,2024,4,SNDL,3.2859999999999987,0.02484,2.48
wallstreetbets,2024,4,SOFI,3.2151999999999985,0.02443,2.44
wallstreetbets,2024,5,NVDA,50.53779999999993,0.19985,19.98
wallstreetbets,2024,5,AMZN,30.6445,0.12271,12.27
wallstreetbets,2024,5,DDOG,26.7462,0.10759,10.76
wallstreetbets,2024,5,GME,26.4021,0.10626,10.63
wallstreetbets,2024,5,AMD,18.636399999999995,0.07615,7.61
wallstreetbets,2024,5,AMC,14.35749999999997,0.05955,5.96
wallstreetbets,2024,5,PLTR,14.296799999999989,0.05932,5.93
wallstreetbets,2024,5,OKLO,11.234799999999998,0.04744,4.74
wallstreetbets,2024,5,AAPL,10.6727,0.04526,4.53
wallstreetbets,2024,5,TSM,8.461699999999997,0.03669,3.67
wallstreetbets,2024,5,TSLA,7.097799999999992,0.0314,3.14
wallstreetbets,2024,5,DJT,6.48289999999999,0.02902,2.9
wallstreetbets,2024,5,CAVA,6.253,0.02813,2.81
wallstreetbets,2024,5,TLRY,5.551499999999996,0.02541,2.54
wallstreetbets,2024,5,HOOD,5.503699999999999,0.02522,2.53
wallstreetbets,2024,6,NVDA,124.78049999999996,0.40264,40.26
wallstreetbets,2024,6,GME,31.9448,0.10546,10.55
wallstreetbets,2024,6,AMZN,26.2117,0.08711,8.71
wallstreetbets,2024,6,DDOG,24.7631,0.08247,8.25
wallstreetbets,2024,6,TSLA,11.785599999999995,0.04093,4.09
wallstreetbets,2024,6,AMD,11.742799999999994,0.04079,4.08
wallstreetbets,2024,6,ASTS,9.5052,0.03363,3.36
wallstreetbets,2024,6,ARM,9.006999999999998,0.03203,3.2
wallstreetbets,2024,6,MU,8.322499999999984,0.02984,2.98
wallstreetbets,2024,6,GRND,8.183300000000001,0.0294,2.94
wallstreetbets,2024,6,INTC,7.4777999999999984,0.02714,2.71
wallstreetbets,2024,6,TSM,6.421700000000001,0.02376,2.38
wallstreetbets,2024,6,GOOD,6.2293,0.02314,2.31
wallstreetbets,2024,6,MSFT,5.888299999999995,0.02205,2.2
wallstreetbets,2024,6,SMCI,5.126099999999999,0.01961,1.98
