subreddit,year,month,ticker,monthly_mentions,monthly_sentiment,total_mentions_sub,total_sentiment_sub,total_mentions_all,total_sentiment_all,monthly_mention_sentiment_score
stocks,2024,1,NVDA,39,0.1068133146426556,407,39.01910301358574,8562,461.8403483938778,4.165719271063568
stocks,2024,1,AMD,38,0.0773454817644424,196,18.57078475709584,1881,96.7277206295022,2.9391283070488115
stocks,2024,1,AAPL,29,0.0994518119609971,112,13.12545616146883,1236,73.44748644976502,2.884102546868916
stocks,2024,1,TSLA,25,0.0984847474747474,136,13.64593147978317,2314,94.40591138040392,2.4621186868686853
stocks,2024,1,META,9,0.2011595117845117,90,8.372853810811156,637,25.611309234676508,1.8104356060606053
stocks,2024,1,BABA,12,0.1413404164753596,28,3.144342212711531,200,6.774678256359223,1.6960849977043153
stocks,2024,1,MSFT,9,0.1597728274811608,100,8.745481000330596,623,31.66107967624645,1.4379554473304472
stocks,2024,1,BYD,16,0.0814997368244893,47,3.5231759839970245,113,7.739361891214146,1.3039957891918288
stocks,2024,1,CRWD,3,0.3804292929292929,20,2.300035242535243,201,13.960405402467902,1.1412878787878786
stocks,2024,1,ARM,4,0.2795355902777778,45,7.473719331443516,503,29.337795418890927,1.1181423611111112
stocks,2024,1,PLTR,4,0.2350108225108225,28,4.087349156772403,438,31.94616204669275,0.94004329004329
stocks,2024,1,UNH,3,0.3106758056758056,19,2.062900401255664,49,1.810492993848257,0.9320274170274168
stocks,2024,1,IBM,6,0.1382057823129251,33,2.7275863602910597,119,5.056529299186379,0.8292346938775506
stocks,2024,1,NFLX,6,0.1356257014590347,15,1.8757038332038327,174,8.932647279142815,0.8137542087542081
stocks,2024,1,GME,9,0.0860012163762163,57,4.678918817293817,231,56.92692822686573,0.7740109473859467
stocks,2024,2,NVDA,113,0.0969212875648241,407,39.01910301358574,8562,461.8403483938778,10.952105494825123
stocks,2024,2,ARM,15,0.285352733686067,45,7.473719331443516,503,29.337795418890927,4.280291005291005
stocks,2024,2,AMD,52,0.0739261317386317,196,18.57078475709584,1881,96.7277206295022,3.8441588504088484
stocks,2024,2,TSLA,25,0.1510868662818663,136,13.64593147978317,2314,94.40591138040392,3.777171657046657
stocks,2024,2,SMCI,25,0.115020560515873,43,3.677023361036608,1811,73.3856256763384,2.8755140128968253
stocks,2024,2,TSM,14,0.1841382127345887,47,6.686556888781154,1132,55.84009811597136,2.5779349782842416
stocks,2024,2,AAPL,19,0.1352684742158426,112,13.12545616146883,1236,73.44748644976502,2.570101010101009
stocks,2024,2,META,27,0.0948248613590788,90,8.372853810811156,637,25.611309234676508,2.5602712566951276
stocks,2024,2,PLTR,12,0.2029362190021912,28,4.087349156772403,438,31.94616204669275,2.4352346280262944
stocks,2024,2,AMZN,20,0.1052834395542728,70,7.337694250567496,571,54.062601211134734,2.105668791085456
stocks,2024,2,MSFT,26,0.0744136775060688,100,8.745481000330596,623,31.66107967624645,1.9347556151577887
stocks,2024,2,GOOGL,13,0.1287782819032819,37,5.2705619149369145,184,10.943123355515272,1.6741176647426645
stocks,2024,2,NFLX,6,0.2311728395061728,15,1.8757038332038327,174,8.932647279142815,1.3870370370370368
stocks,2024,2,PYPL,5,0.1697142857142857,18,1.4910133987785503,193,6.2560674729920445,0.8485714285714285
stocks,2024,2,DIS,6,0.132771164021164,21,1.864890271765272,125,8.286141034891035,0.7966269841269841
stocks,2024,3,NVDA,67,0.104174968184835,407,39.01910301358574,8562,461.8403483938778,6.979722868383945
stocks,2024,3,AAPL,26,0.1479785008024024,112,13.12545616146883,1236,73.44748644976502,3.8474410208624628
stocks,2024,3,MSFT,16,0.1800333809708809,100,8.745481000330596,623,31.66107967624645,2.8805340955340943
stocks,2024,3,AMD,28,0.0835840782524875,196,18.57078475709584,1881,96.7277206295022,2.34035419106965
stocks,2024,3,TSLA,20,0.1114252414252414,136,13.64593147978317,2314,94.40591138040392,2.2285048285048283
stocks,2024,3,GOOGL,7,0.2272863842506699,37,5.2705619149369145,184,10.943123355515272,1.5910046897546894
stocks,2024,3,AMC,4,0.3515530593958013,24,2.69545089899895,583,22.35255910544109,1.4062122375832051
stocks,2024,3,ASML,10,0.1379788703360132,42,3.399224386819185,145,9.284967545844024,1.379788703360132
stocks,2024,3,PANW,4,0.3430555555555555,18,2.363011686169581,270,10.465416673418837,1.372222222222222
stocks,2024,3,ARM,6,0.2067339182556573,45,7.473719331443516,503,29.337795418890927,1.2404035095339436
stocks,2024,3,BYD,9,0.1271103896103896,47,3.5231759839970245,113,7.739361891214146,1.1439935064935063
stocks,2024,3,TSM,14,0.0779264782836211,47,6.686556888781154,1132,55.84009811597136,1.0909706959706955
stocks,2024,3,META,19,0.0566881044759334,90,8.372853810811156,637,25.611309234676508,1.0770739850427347
stocks,2024,3,WBD,4,0.2552562406729073,13,1.778562841479508,50,4.419701008867675,1.0210249626916292
stocks,2024,3,AMZN,8,0.1151987422299922,70,7.337694250567496,571,54.062601211134734,0.9215899378399376
stocks,2024,4,AMD,30,0.1543630733571843,196,18.57078475709584,1881,96.7277206295022,4.630892200715529
stocks,2024,4,TSLA,29,0.1537233714606413,136,13.64593147978317,2314,94.40591138040392,4.457977772358598
stocks,2024,4,NVDA,35,0.1071720830509471,407,39.01910301358574,8562,461.8403483938778,3.7510229067831484
stocks,2024,4,META,19,0.1032619896495494,90,8.372853810811156,637,25.611309234676508,1.9619778033414386
stocks,2024,4,SBUX,7,0.2353726035868893,27,3.3178105887419744,93,4.027150482489262,1.6476082251082251
stocks,2024,4,SNOW,5,0.2785238095238095,13,2.188015873015873,206,9.335634311675978,1.3926190476190476
stocks,2024,4,MSFT,13,0.1035242943331178,100,8.745481000330596,623,31.66107967624645,1.3458158263305313
stocks,2024,4,SOFI,7,0.1818136724386724,20,3.011870791245791,253,17.186511536160694,1.272695707070707
stocks,2024,4,DJT,9,0.1212331649831649,19,0.7684794372294373,1109,69.84806280166084,1.0910984848484842
stocks,2024,4,AMZN,11,0.0986400720491629,70,7.337694250567496,571,54.062601211134734,1.0850407925407919
stocks,2024,4,INTC,8,0.133736810064935,48,2.6140640331890337,438,18.164593673715597,1.06989448051948
stocks,2024,4,TSM,5,0.1905028258778259,47,6.686556888781154,1132,55.84009811597136,0.9525141293891295
stocks,2024,4,CELH,5,0.187808201058201,24,1.4439182499599166,127,8.247900933942601,0.939041005291005
stocks,2024,4,COST,5,0.176,14,1.3385108225108229,154,8.408750181313392,0.8799999999999999
stocks,2024,4,GME,7,0.1225631511345797,57,4.678918817293817,231,56.92692822686573,0.8579420579420579
stocks,2024,5,NVDA,58,0.0910407674922115,407,39.01910301358574,8562,461.8403483938778,5.280364514548267
stocks,2024,5,ELF,9,0.2156778098444765,13,2.1140941157607824,44,4.902337641160901,1.9411002886002884
stocks,2024,5,GME,13,0.1491644946933408,57,4.678918817293817,231,56.92692822686573,1.9391384310134305
stocks,2024,5,AAPL,11,0.1403977251704524,112,13.12545616146883,1236,73.44748644976502,1.5443749768749764
stocks,2024,5,LULU,8,0.1871192666460523,19,2.794917096131382,133,1.2611769460309374,1.4969541331684184
stocks,2024,5,TSLA,17,0.0591028688087511,136,13.64593147978317,2314,94.40591138040392,1.0047487697487687
stocks,2024,5,TSM,7,0.1377035662749948,47,6.686556888781154,1132,55.84009811597136,0.9639249639249636
stocks,2024,5,AMZN,11,0.0873898268398268,70,7.337694250567496,571,54.062601211134734,0.9612880952380948
stocks,2024,5,ASML,6,0.159397716816195,42,3.399224386819185,145,9.284967545844024,0.95638630089717
stocks,2024,5,FCF,3,0.3132671957671957,26,2.6284034554278914,49,2.9845173022292384,0.939801587301587
stocks,2024,5,CMG,4,0.2234722222222222,13,1.1139060245310244,71,3.232186877276163,0.8938888888888888
stocks,2024,5,META,6,0.1395833333333333,90,8.372853810811156,637,25.611309234676508,0.8374999999999999
stocks,2024,5,SOFI,3,0.2684523809523809,20,3.011870791245791,253,17.186511536160694,0.8053571428571427
stocks,2024,5,SE,3,0.2669444444444444,12,1.184832251082251,20,2.2124891497391497,0.8008333333333331
stocks,2024,5,BYD,7,0.1053030303030303,47,3.5231759839970245,113,7.739361891214146,0.7371212121212121
stocks,2024,6,NVDA,95,0.0830543995577019,407,39.01910301358574,8562,461.8403483938778,7.890167957981681
stocks,2024,6,AMD,35,0.1198484119923915,196,18.57078475709584,1881,96.7277206295022,4.194694419733703
stocks,2024,6,AMZN,10,0.1871993538625117,70,7.337694250567496,571,54.062601211134734,1.8719935386251172
stocks,2024,6,AAPL,18,0.0819977342113933,112,13.12545616146883,1236,73.44748644976502,1.4759592158050794
stocks,2024,6,GME,17,0.079031862745098,57,4.678918817293817,231,56.92692822686573,1.3435416666666662
stocks,2024,6,INTC,15,0.0757430976430976,48,2.6140640331890337,438,18.164593673715597,1.136146464646464
stocks,2024,6,GOOGL,6,0.1716066919191919,37,5.2705619149369145,184,10.943123355515272,1.0296401515151514
stocks,2024,6,GLP,2,0.4865079365079365,10,1.910581479690522,41,3.5094938867279293,0.973015873015873
stocks,2024,6,TSM,5,0.1855238095238095,47,6.686556888781154,1132,55.84009811597136,0.9276190476190476
stocks,2024,6,CRWD,4,0.212754329004329,20,2.300035242535243,201,13.960405402467902,0.851017316017316
stocks,2024,6,AGI,4,0.2054216269841269,12,2.0678878066378066,65,7.879025866659795,0.8216865079365075
stocks,2024,6,LULU,4,0.2004629629629629,19,2.794917096131382,133,1.2611769460309374,0.8018518518518516
stocks,2024,6,MSFT,23,0.0318447942304557,100,8.745481000330596,623,31.66107967624645,0.7324302673004811
stocks,2024,6,HCC,1,0.7,12,1.9704834353025145,13,1.9704834353025145,0.7
stocks,2024,6,MSTR,2,0.3398214285714285,16,1.1754966614582,358,18.4803704923231,0.679642857142857
wallstreetbets,2024,1,NVDA,586,0.0534774346123537,8155,422.821245380292,8562,461.8403483938778,31.33777668283927
wallstreetbets,2024,1,AMD,480,0.0293585185245685,1685,78.15693587240635,1881,96.7277206295022,14.09208889179288
wallstreetbets,2024,1,TSLA,398,0.0324601854194235,2178,80.75997990062073,2314,94.40591138040392,12.919153796930553
wallstreetbets,2024,1,AMZN,60,0.1319695527180406,501,46.72490696056724,571,54.062601211134734,7.918173163082435
wallstreetbets,2024,1,MSFT,134,0.0542967861958844,523,22.915598675915856,623,31.66107967624645,7.27576935024851
wallstreetbets,2024,1,SMCI,91,0.0644999207142064,1768,69.70860231530179,1811,73.3856256763384,5.869492784992783
wallstreetbets,2024,1,ZIM,61,0.0870421047620902,86,5.207556004725122,89,5.931306004725123,5.309568390487502
wallstreetbets,2024,1,SOFI,90,0.0577002922856097,233,14.174640744914903,253,17.186511536160694,5.193026305704874
wallstreetbets,2024,1,AAPL,84,0.0595200731807874,1124,60.3220302882962,1236,73.44748644976502,4.999686147186141
wallstreetbets,2024,1,BA,154,0.030281572358818,407,4.408066148208831,422,3.223811398329081,4.663362143257972
wallstreetbets,2024,1,MARA,117,0.0353603543447293,463,14.427217598676677,467,15.260550932010007,4.137161458333328
wallstreetbets,2024,1,DDOG,19,0.2094086021505376,188,35.86405842862832,189,36.11405842862832,3.9787634408602144
wallstreetbets,2024,1,INTC,54,0.0706094045986021,390,15.55052964052656,438,18.164593673715597,3.8129078483245133
wallstreetbets,2024,1,PLTR,19,0.1590991367307156,410,27.858812889920344,438,31.94616204669275,3.0228835978835966
wallstreetbets,2024,1,CALM,11,0.2726772937710438,18,4.182783564814815,18,4.182783564814815,2.999450231481482
wallstreetbets,2024,2,NVDA,1890,0.0587569574226302,8155,422.821245380292,8562,461.8403483938778,111.05064952877107
wallstreetbets,2024,2,SMCI,1001,0.0372517641628335,1768,69.70860231530179,1811,73.3856256763384,37.289015926996335
wallstreetbets,2024,2,AMD,238,0.086030277570896,1685,78.15693587240635,1881,96.7277206295022,20.475206061873248
wallstreetbets,2024,2,TSLA,304,0.0609628943496265,2178,80.75997990062073,2314,94.40591138040392,18.532719882286454
wallstreetbets,2024,2,ARM,273,0.0516529407541312,458,21.86407608744741,503,29.337795418890927,14.101252825877818
wallstreetbets,2024,2,META,154,0.0731448148014945,547,17.23845542386535,637,25.611309234676508,11.264301479430152
wallstreetbets,2024,2,AAPL,160,0.0699092706211272,1124,60.3220302882962,1236,73.44748644976502,11.185483299380351
wallstreetbets,2024,2,PLTR,149,0.0645240973708535,410,27.858812889920344,438,31.94616204669275,9.614090508257172
wallstreetbets,2024,2,SOUN,239,0.0319581735239423,390,14.525973462301588,394,15.362084573412698,7.638003472222209
wallstreetbets,2024,2,MARA,209,0.0321377291320971,463,14.427217598676677,467,15.260550932010007,6.716785388608294
wallstreetbets,2024,2,LUNR,169,0.0382913220516603,208,6.589804855302035,213,7.059891435388615,6.47123342673059
wallstreetbets,2024,2,AMZN,95,0.0668639873143268,501,46.72490696056724,571,54.062601211134734,6.352078794861046
wallstreetbets,2024,2,DDOG,44,0.144063603909034,188,35.86405842862832,189,36.11405842862832,6.338798571997496
wallstreetbets,2024,2,LLY,95,0.0606010011660166,160,6.400346783341436,175,7.5468015091711615,5.757095110771576
wallstreetbets,2024,2,COIN,77,0.0740615327283346,243,16.42453527837903,252,16.659168214886964,5.702738020081764
wallstreetbets,2024,3,NVDA,1881,0.0493319294007798,8155,422.821245380292,8562,461.8403483938778,92.79335920286681
wallstreetbets,2024,3,TSM,631,0.0554636061893816,1085,49.1535412271902,1132,55.84009811597136,34.99753550549979
wallstreetbets,2024,3,DJT,440,0.0571544044592272,1090,69.0795833644314,1109,69.84806280166084,25.147937962059967
wallstreetbets,2024,3,SMCI,363,0.0513240226229213,1768,69.70860231530179,1811,73.3856256763384,18.630620212120434
wallstreetbets,2024,3,AMD,408,0.0394454091413807,1685,78.15693587240635,1881,96.7277206295022,16.093726929683324
wallstreetbets,2024,3,TSLA,324,0.045015978813487,2178,80.75997990062073,2314,94.40591138040392,14.585177135569788
wallstreetbets,2024,3,AAPL,255,0.0511625411648622,1124,60.3220302882962,1236,73.44748644976502,13.046447997039861
wallstreetbets,2024,3,MSTR,192,0.053466524137376,342,17.304873830864903,358,18.4803704923231,10.265572634376191
wallstreetbets,2024,3,AMZN,77,0.1320334733815752,501,46.72490696056724,571,54.062601211134734,10.16657745038129
wallstreetbets,2024,3,DDOG,46,0.2094086021505376,188,35.86405842862832,189,36.11405842862832,9.63279569892473
wallstreetbets,2024,3,CRWD,94,0.0974112861134137,181,11.66037015993266,201,13.960405402467902,9.156660894660888
wallstreetbets,2024,3,BBAI,130,0.0618606645941204,134,8.302997508346772,134,8.302997508346772,8.041886397235652
wallstreetbets,2024,3,INTC,130,0.0546789430654815,390,15.55052964052656,438,18.164593673715597,7.108262598512596
wallstreetbets,2024,3,MU,113,0.0493941632143089,349,15.024824224064549,351,15.63375279549312,5.581540443216906
wallstreetbets,2024,3,MSFT,84,0.0597820308238988,523,22.915598675915856,623,31.66107967624645,5.021690589207499
wallstreetbets,2024,4,DJT,464,0.0669189976849578,1090,69.0795833644314,1109,69.84806280166084,31.050414925820423
wallstreetbets,2024,4,NVDA,742,0.0411934493792885,8155,422.821245380292,8562,461.8403483938778,30.56553943943207
wallstreetbets,2024,4,TSLA,718,0.0278928186382197,2178,80.75997990062073,2314,94.40591138040392,20.027043782241744
wallstreetbets,2024,4,AMD,235,0.0370211087151056,1685,78.15693587240635,1881,96.7277206295022,8.699960548049816
wallstreetbets,2024,4,AAPL,196,0.0421936742770701,1124,60.3220302882962,1236,73.44748644976502,8.26996015830574
wallstreetbets,2024,4,AMZN,126,0.0456340702486055,501,46.72490696056724,571,54.062601211134734,5.749892851324294
wallstreetbets,2024,4,DDOG,25,0.2010322580645161,188,35.86405842862832,189,36.11405842862832,5.025806451612903
wallstreetbets,2024,4,COIN,26,0.1740181623931624,243,16.42453527837903,252,16.659168214886964,4.524472222222222
wallstreetbets,2024,4,ANL,10,0.275,29,6.338257575757575,29,6.338257575757575,2.75
wallstreetbets,2024,4,SOFI,52,0.0515449219217601,233,14.174640744914903,253,17.186511536160694,2.680335939931525
wallstreetbets,2024,4,PAA,111,0.0234359011985823,120,3.879169123951733,120,3.879169123951733,2.601385033042635
wallstreetbets,2024,4,SMCI,145,0.0174380888109336,1768,69.70860231530179,1811,73.3856256763384,2.5285228775853716
wallstreetbets,2024,4,PLTR,20,0.108260615079365,410,27.858812889920344,438,31.94616204669275,2.1652123015873
wallstreetbets,2024,4,CUK,15,0.1442460317460317,57,3.9952380952380953,58,4.003823953823954,2.1636904761904754
wallstreetbets,2024,4,GM,14,0.1420212327355184,62,9.58683919222312,88,10.804551978050725,1.9882972582972576
wallstreetbets,2024,5,NVDA,1150,0.0457250885231981,8155,422.821245380292,8562,461.8403483938778,52.58385180167782
wallstreetbets,2024,5,GME,72,0.3058558301266634,174,52.24800940957192,231,56.92692822686573,22.021619769119766
wallstreetbets,2024,5,AMC,374,0.0290649183834934,559,19.657108206442143,583,22.35255910544109,10.870279475426532
wallstreetbets,2024,5,AAPL,197,0.0519595016517605,1124,60.3220302882962,1236,73.44748644976502,10.236021825396818
wallstreetbets,2024,5,DJT,140,0.0658027405371727,1090,69.0795833644314,1109,69.84806280166084,9.212383675204178
wallstreetbets,2024,5,AMZN,68,0.1290027502936658,501,46.72490696056724,571,54.062601211134734,8.772187019969275
wallstreetbets,2024,5,OKLO,106,0.0647215068190893,115,7.089795199013949,116,7.089795199013949,6.860479722823465
wallstreetbets,2024,5,AMD,146,0.0456426953764101,1685,78.15693587240635,1881,96.7277206295022,6.663833524955875
wallstreetbets,2024,5,DDOG,29,0.1949666295884316,188,35.86405842862832,189,36.11405842862832,5.654032258064516
wallstreetbets,2024,5,TSLA,203,0.0262865658661148,2178,80.75997990062073,2314,94.40591138040392,5.336172870821304
wallstreetbets,2024,5,PLTR,112,0.0472865528155706,410,27.858812889920344,438,31.94616204669275,5.296093915343907
wallstreetbets,2024,5,ASTS,36,0.1155090230536659,113,11.13937641723356,122,11.982233560090704,4.158324829931972
wallstreetbets,2024,5,TLRY,38,0.1091426482873851,107,6.281507335257335,108,6.281507335257335,4.147420634920634
wallstreetbets,2024,5,CAVA,40,0.0979785714285714,81,6.321707237207237,88,6.292553798053798,3.919142857142856
wallstreetbets,2024,5,MSFT,50,0.0779847883597883,523,22.915598675915856,623,31.66107967624645,3.8992394179894148
wallstreetbets,2024,6,NVDA,1906,0.0548216520066656,8155,422.821245380292,8562,461.8403483938778,104.49006872470463
wallstreetbets,2024,6,GME,57,0.4716085879682371,174,52.24800940957192,231,56.92692822686573,26.881689514189517
wallstreetbets,2024,6,AAPL,232,0.0542432364697725,1124,60.3220302882962,1236,73.44748644976502,12.58443086098722
wallstreetbets,2024,6,AMD,178,0.0681579770564669,1685,78.15693587240635,1881,96.7277206295022,12.132119916051108
wallstreetbets,2024,6,MU,187,0.0552677481901956,349,15.024824224064549,351,15.63375279549312,10.335068911566577
wallstreetbets,2024,6,TSLA,231,0.0405182356397004,2178,80.75997990062073,2314,94.40591138040392,9.359712432770793
wallstreetbets,2024,6,AMZN,75,0.1035466357459849,501,46.72490696056724,571,54.062601211134734,7.7659976809488676
wallstreetbets,2024,6,GOOD,10,0.6056640625,46,20.59240823412698,47,20.59240823412698,6.056640625
wallstreetbets,2024,6,DDOG,25,0.2093544802867383,188,35.86405842862832,189,36.11405842862832,5.233862007168458
wallstreetbets,2024,6,ASTS,66,0.072398088023088,113,11.13937641723356,122,11.982233560090704,4.778273809523808
wallstreetbets,2024,6,AVGO,81,0.0578860752587604,172,9.088227891409089,188,9.905364435420632,4.688772095959592
wallstreetbets,2024,6,INTC,39,0.1136592497009163,390,15.55052964052656,438,18.164593673715597,4.432710738335736
wallstreetbets,2024,6,TSM,46,0.0936225795571717,1085,49.1535412271902,1132,55.84009811597136,4.306638659629898
wallstreetbets,2024,6,ARM,44,0.097343539964195,458,21.86407608744741,503,29.337795418890927,4.28311575842458
wallstreetbets,2024,6,GRND,73,0.0553846624266144,90,3.384747023809524,92,3.409747023809524,4.043080357142851
