subreddit,year,month,ticker,mentions,sentiment,total_mentions_sub,total_sentiment_sub,total_mentions_all,total_sentiment_all
stocks,2024,1,AAPL,29,0.2509724137931034,112,30.376,1236,74.772
stocks,2024,1,AGI,1,0.0772,12,6.3039000000000005,65,12.6921
stocks,2024,1,AMC,6,0.34476666666666667,24,5.0557,583,29.8202
stocks,2024,1,AMD,38,0.2808552631578947,196,57.8709,1881,156.2066
stocks,2024,1,AMZN,10,0.16772,70,19.7533,571,209.4031
stocks,2024,1,ARM,4,0.56735,45,11.2662,503,45.4662
stocks,2024,1,ASML,3,0.03483333333333335,42,15.4733,145,25.8555
stocks,2024,1,BABA,12,0.25071666666666664,28,5.7474,200,19.1518
stocks,2024,1,BYD,16,0.50685625,47,9.5337,113,10.4428
stocks,2024,1,COST,1,0.8201,14,4.3703,154,20.7344
stocks,2024,1,CRM,1,0.9593,15,3.0204,150,4.1644000000000005
stocks,2024,1,CROX,4,0.025550000000000017,12,1.5335,28,3.3598
stocks,2024,1,CRWD,3,0.4534666666666667,20,5.3561,201,33.885
stocks,2024,1,CVS,7,0.2688714285714286,29,4.4186,61,4.3501
stocks,2024,1,GE,3,0.2776666666666667,24,7.3404,77,8.027
stocks,2024,1,GM,4,0.3494,26,3.9141,88,10.992799999999999
stocks,2024,1,GME,9,0.41396666666666665,57,9.7762,231,48.6789
stocks,2024,1,GOOGL,4,0.418825,37,14.2476,184,23.4018
stocks,2024,1,IBKR,4,0.306175,11,3.6434,62,2.2072000000000003
stocks,2024,1,IBM,6,0.3826333333333333,33,8.8683,119,22.5149
stocks,2024,1,INTC,7,0.3336428571428571,48,10.758799999999999,438,18.772299999999998
stocks,2024,1,JPM,5,0.10338,16,2.5641,109,10.4651
stocks,2024,1,LLY,4,0.25260000000000005,15,4.0377,175,10.051400000000001
stocks,2024,1,LOT,3,0.3066333333333333,15,4.7598,78,14.3235
stocks,2024,1,MA,2,0.16005000000000003,12,2.499,39,2.18
stocks,2024,1,META,9,0.27308888888888894,90,18.1618,637,46.2566
stocks,2024,1,MSFT,9,0.20067777777777782,100,28.0636,623,59.1218
stocks,2024,1,MSTR,3,0.2386666666666667,16,3.4154,358,23.2834
stocks,2024,1,NIO,5,0.56752,19,6.8743,93,6.1334
stocks,2024,1,NVDA,39,0.40544615384615385,407,109.1904,8562,572.9347
stocks,2024,1,PANW,2,0.026099999999999984,18,5.6995,270,16.0606
stocks,2024,1,PLTR,4,0.43257500000000004,28,10.1119,438,70.5968
stocks,2024,1,PR,1,0.9898,12,4.7499,53,1.3608999999999998
stocks,2024,1,SBUX,5,0.62808,27,11.1811,93,7.8058000000000005
stocks,2024,1,SE,4,0.014899999999999997,12,2.4801,20,5.0146
stocks,2024,1,SMCI,3,0.17556666666666665,43,7.6588,1811,92.76820000000001
stocks,2024,1,SOFI,2,0.45115,20,3.9973,253,16.4154
stocks,2024,1,TSLA,25,0.37418799999999997,136,30.7408,2314,64.3603
stocks,2024,1,TSM,2,0.49535,47,17.5839,1132,81.265
stocks,2024,1,ULTA,1,0.7717,11,3.7013,56,1.6439000000000001
stocks,2024,1,UNH,3,0.8354666666666667,19,4.6142,49,7.3006
stocks,2024,1,WBD,2,0.148,13,3.6253,50,6.6303
stocks,2024,2,AAPL,19,0.3727631578947368,112,30.376,1236,74.772
stocks,2024,2,AGI,4,0.25777500000000003,12,6.3039000000000005,65,12.6921
stocks,2024,2,AMC,1,0.9808,24,5.0557,583,29.8202
stocks,2024,2,AMD,52,0.24344423076923077,196,57.8709,1881,156.2066
stocks,2024,2,AMZN,20,0.25905999999999996,70,19.7533,571,209.4031
stocks,2024,2,API,5,0.51666,16,5.8291,41,6.743
stocks,2024,2,AR,3,0.5992333333333333,12,3.2580999999999998,46,7.5329999999999995
stocks,2024,2,ARM,15,0.15725333333333333,45,11.2662,503,45.4662
stocks,2024,2,ASML,11,0.4349272727272728,42,15.4733,145,25.8555
stocks,2024,2,AVGO,1,0.9868,16,2.4471,188,7.4493
stocks,2024,2,BABA,3,0.3116666666666667,28,5.7474,200,19.1518
stocks,2024,2,BYD,4,0.19365,47,9.5337,113,10.4428
stocks,2024,2,CELH,4,0.24227499999999996,24,9.1014,127,17.8849
stocks,2024,2,CMG,3,0.7463000000000001,13,6.1819999999999995,71,11.6945
stocks,2024,2,COST,1,0.4767,14,4.3703,154,20.7344
stocks,2024,2,CRM,2,0.36245,15,3.0204,150,4.1644000000000005
stocks,2024,2,CROX,3,0.28373333333333334,12,1.5335,28,3.3598
stocks,2024,2,CRWD,6,0.05931666666666666,20,5.3561,201,33.885
stocks,2024,2,CVS,3,0.6025333333333333,29,4.4186,61,4.3501
stocks,2024,2,DIS,6,0.4290833333333333,21,5.8149999999999995,125,9.5596
stocks,2024,2,FCF,3,0.16486666666666666,26,5.8945,49,11.8589
stocks,2024,2,GE,3,0.20413333333333336,24,7.3404,77,8.027
stocks,2024,2,GLP,2,0.6632,10,4.7239,41,3.1268999999999996
stocks,2024,2,GOOGL,13,0.30263076923076926,37,14.2476,184,23.4018
stocks,2024,2,HCC,2,0.6955,12,2.6239,13,2.6239
stocks,2024,2,IBKR,2,0.7761,11,3.6434,62,2.2072000000000003
stocks,2024,2,IBM,7,0.34031428571428574,33,8.8683,119,22.5149
stocks,2024,2,INTC,7,0.6817714285714286,48,10.758799999999999,438,18.772299999999998
stocks,2024,2,JPM,1,0.1896,16,2.5641,109,10.4651
stocks,2024,2,LLY,6,0.13653333333333337,15,4.0377,175,10.051400000000001
stocks,2024,2,LOT,2,0.7638,15,4.7598,78,14.3235
stocks,2024,2,MA,1,0.4478,12,2.499,39,2.18
stocks,2024,2,META,27,0.20617407407407407,90,18.1618,637,46.2566
stocks,2024,2,MSFT,26,0.25161538461538463,100,28.0636,623,59.1218
stocks,2024,2,NFLX,6,0.5049166666666667,15,1.5443000000000002,174,5.3685
stocks,2024,2,NKE,2,0.6289,12,5.6811,121,8.2551
stocks,2024,2,NVDA,113,0.21215840707964603,407,109.1904,8562,572.9347
stocks,2024,2,NVO,3,0.5533333333333333,14,2.9888000000000003,66,14.0714
stocks,2024,2,PANW,7,0.11227142857142858,18,5.6995,270,16.0606
stocks,2024,2,PFE,4,0.47519999999999996,26,4.6161,63,6.684200000000001
stocks,2024,2,PLTR,12,0.44604166666666667,28,10.1119,438,70.5968
stocks,2024,2,PR,2,0.97875,12,4.7499,53,1.3608999999999998
stocks,2024,2,PYPL,5,0.38786,18,0.8193,193,6.434200000000001
stocks,2024,2,RKLB,6,0.4749333333333334,17,4.3415,87,16.6416
stocks,2024,2,SBUX,2,0.405,27,11.1811,93,7.8058000000000005
stocks,2024,2,SF,1,0.5106,12,3.6141,32,4.9006
stocks,2024,2,SMCI,25,0.17318,43,7.6588,1811,92.76820000000001
stocks,2024,2,SNOW,2,0.23835,13,4.1064,206,15.411100000000001
stocks,2024,2,SOFI,7,0.010685714285714274,20,3.9973,253,16.4154
stocks,2024,2,TSLA,25,0.311172,136,30.7408,2314,64.3603
stocks,2024,2,TSM,14,0.519,47,17.5839,1132,81.265
stocks,2024,2,WBD,3,0.36846666666666666,13,3.6253,50,6.6303
stocks,2024,3,AAPL,26,0.08556153846153847,112,30.376,1236,74.772
stocks,2024,3,AGI,1,0.25,12,6.3039000000000005,65,12.6921
stocks,2024,3,AMC,4,0.23145000000000002,24,5.0557,583,29.8202
stocks,2024,3,AMD,28,0.35046071428571424,196,57.8709,1881,156.2066
stocks,2024,3,AMZN,8,0.39225,70,19.7533,571,209.4031
stocks,2024,3,API,3,0.5402,16,5.8291,41,6.743
stocks,2024,3,AR,2,0.78565,12,3.2580999999999998,46,7.5329999999999995
stocks,2024,3,ARM,6,0.30246666666666666,45,11.2662,503,45.4662
stocks,2024,3,ASML,10,0.17195,42,15.4733,145,25.8555
stocks,2024,3,BABA,7,0.11464285714285713,28,5.7474,200,19.1518
stocks,2024,3,BYD,9,0.07548888888888888,47,9.5337,113,10.4428
stocks,2024,3,CELH,3,0.4578333333333333,24,9.1014,127,17.8849
stocks,2024,3,CMG,1,0.4215,13,6.1819999999999995,71,11.6945
stocks,2024,3,COST,3,0.4725333333333333,14,4.3703,154,20.7344
stocks,2024,3,CRWD,3,0.36643333333333333,20,5.3561,201,33.885
stocks,2024,3,CVS,2,0.13324999999999998,29,4.4186,61,4.3501
stocks,2024,3,DIS,3,0.34496666666666664,21,5.8149999999999995,125,9.5596
stocks,2024,3,DJT,3,0.4383666666666666,19,2.664,1109,55.298700000000004
stocks,2024,3,ELF,1,0.3818,13,5.7921,44,13.1227
stocks,2024,3,ENPH,1,0.431,16,0.5488000000000001,48,2.3592000000000004
stocks,2024,3,FCF,7,0.11969999999999999,26,5.8945,49,11.8589
stocks,2024,3,GE,3,0.5005000000000001,24,7.3404,77,8.027
stocks,2024,3,GLP,1,0.25,10,4.7239,41,3.1268999999999996
stocks,2024,3,GM,7,0.17611428571428572,26,3.9141,88,10.992799999999999
stocks,2024,3,GME,9,0.04246666666666668,57,9.7762,231,48.6789
stocks,2024,3,GOOGL,7,0.6431857142857142,37,14.2476,184,23.4018
stocks,2024,3,INTC,6,0.22548333333333334,48,10.758799999999999,438,18.772299999999998
stocks,2024,3,LLY,1,0.6249,15,4.0377,175,10.051400000000001
stocks,2024,3,LOT,4,0.53355,15,4.7598,78,14.3235
stocks,2024,3,LULU,3,0.14049999999999999,19,6.5224,133,-0.2673999999999996
stocks,2024,3,MA,3,0.13876666666666668,12,2.499,39,2.18
stocks,2024,3,META,19,0.07449473684210527,90,18.1618,637,46.2566
stocks,2024,3,MSFT,16,0.44775,100,28.0636,623,59.1218
stocks,2024,3,MSTR,7,0.2752857142857143,16,3.4154,358,23.2834
stocks,2024,3,NFLX,1,0.5325,15,1.5443000000000002,174,5.3685
stocks,2024,3,NIO,3,0.11556666666666665,19,6.8743,93,6.1334
stocks,2024,3,NKE,3,0.36683333333333334,12,5.6811,121,8.2551
stocks,2024,3,NVDA,67,0.19425223880597017,407,109.1904,8562,572.9347
stocks,2024,3,PANW,4,0.6326,18,5.6995,270,16.0606
stocks,2024,3,PFE,6,0.0833,26,4.6161,63,6.684200000000001
stocks,2024,3,PLTR,3,0.4532333333333333,28,10.1119,438,70.5968
stocks,2024,3,PR,3,0.6213666666666667,12,4.7499,53,1.3608999999999998
stocks,2024,3,PYPL,1,0.2355,18,0.8193,193,6.434200000000001
stocks,2024,3,RKLB,3,0.2964,17,4.3415,87,16.6416
stocks,2024,3,SE,1,0.6486,12,2.4801,20,5.0146
stocks,2024,3,SF,3,0.3561,12,3.6141,32,4.9006
stocks,2024,3,SMCI,4,0.239625,43,7.6588,1811,92.76820000000001
stocks,2024,3,SOFI,1,0.6908,20,3.9973,253,16.4154
stocks,2024,3,TSLA,20,0.21081,136,30.7408,2314,64.3603
stocks,2024,3,TSM,14,0.12595714285714285,47,17.5839,1132,81.265
stocks,2024,3,WBD,4,0.470875,13,3.6253,50,6.6303
stocks,2024,4,AAPL,9,0.21760000000000002,112,30.376,1236,74.772
stocks,2024,4,AGI,2,0.8395,12,6.3039000000000005,65,12.6921
stocks,2024,4,AMC,6,0.11649999999999999,24,5.0557,583,29.8202
stocks,2024,4,AMD,30,0.23422666666666667,196,57.8709,1881,156.2066
stocks,2024,4,AMZN,11,0.17210909090909088,70,19.7533,571,209.4031
stocks,2024,4,ARM,7,0.17327142857142858,45,11.2662,503,45.4662
stocks,2024,4,ASML,4,0.28307499999999997,42,15.4733,145,25.8555
stocks,2024,4,AVGO,1,0.4926,16,2.4471,188,7.4493
stocks,2024,4,BABA,3,0.07543333333333334,28,5.7474,200,19.1518
stocks,2024,4,CELH,5,0.68892,24,9.1014,127,17.8849
stocks,2024,4,COST,5,0.33118,14,4.3703,154,20.7344
stocks,2024,4,CRM,1,0.1531,15,3.0204,150,4.1644000000000005
stocks,2024,4,CROX,1,0.8047,12,1.5335,28,3.3598
stocks,2024,4,CRWD,2,0.58365,20,5.3561,201,33.885
stocks,2024,4,DIS,3,0.40103333333333335,21,5.8149999999999995,125,9.5596
stocks,2024,4,DJT,9,0.021188888888888893,19,2.664,1109,55.298700000000004
stocks,2024,4,ELF,1,0.6914,13,5.7921,44,13.1227
stocks,2024,4,ENPH,1,0.34,16,0.5488000000000001,48,2.3592000000000004
stocks,2024,4,FCF,4,0.682325,26,5.8945,49,11.8589
stocks,2024,4,GE,7,0.4329142857142857,24,7.3404,77,8.027
stocks,2024,4,GLP,2,0.62465,10,4.7239,41,3.1268999999999996
stocks,2024,4,GM,7,0.20368571428571428,26,3.9141,88,10.992799999999999
stocks,2024,4,GME,7,0.18150000000000002,57,9.7762,231,48.6789
stocks,2024,4,GOOGL,5,0.32504,37,14.2476,184,23.4018
stocks,2024,4,HCC,2,0.45825,12,2.6239,13,2.6239
stocks,2024,4,IBM,7,0.13467142857142858,33,8.8683,119,22.5149
stocks,2024,4,JPM,6,0.25605,16,2.5641,109,10.4651
stocks,2024,4,LLY,2,0.58085,15,4.0377,175,10.051400000000001
stocks,2024,4,LULU,3,0.5239666666666667,19,6.5224,133,-0.2673999999999996
stocks,2024,4,MA,3,0.355,12,2.499,39,2.18
stocks,2024,4,META,19,0.2925263157894737,90,18.1618,637,46.2566
stocks,2024,4,MSFT,13,0.19917692307692308,100,28.0636,623,59.1218
stocks,2024,4,NIO,1,0.2263,19,6.8743,93,6.1334
stocks,2024,4,NVDA,35,0.31614,407,109.1904,8562,572.9347
stocks,2024,4,NVO,3,0.2719666666666667,14,2.9888000000000003,66,14.0714
stocks,2024,4,PANW,2,0.7027,18,5.6995,270,16.0606
stocks,2024,4,PLTR,3,0.24139999999999998,28,10.1119,438,70.5968
stocks,2024,4,RKLB,2,0.65695,17,4.3415,87,16.6416
stocks,2024,4,SBUX,7,0.6367428571428572,27,11.1811,93,7.8058000000000005
stocks,2024,4,SMCI,6,0.07338333333333334,43,7.6588,1811,92.76820000000001
stocks,2024,4,SNOW,5,0.35331999999999997,13,4.1064,206,15.411100000000001
stocks,2024,4,SOFI,7,0.09998571428571427,20,3.9973,253,16.4154
stocks,2024,4,TSLA,29,0.2415413793103448,136,30.7408,2314,64.3603
stocks,2024,4,TSM,5,0.47324,47,17.5839,1132,81.265
stocks,2024,4,UNH,6,0.24883333333333332,19,4.6142,49,7.3006
stocks,2024,4,WBD,2,0.3326,13,3.6253,50,6.6303
stocks,2024,5,AAPL,11,0.46556363636363635,112,30.376,1236,74.772
stocks,2024,5,AMC,4,0.3356,24,5.0557,583,29.8202
stocks,2024,5,AMD,13,0.3660846153846154,196,57.8709,1881,156.2066
stocks,2024,5,AMZN,11,0.28198181818181817,70,19.7533,571,209.4031
stocks,2024,5,AR,2,0.22145,12,3.2580999999999998,46,7.5329999999999995
stocks,2024,5,ASML,6,0.6743666666666667,42,15.4733,145,25.8555
stocks,2024,5,BABA,2,0.3875,28,5.7474,200,19.1518
stocks,2024,5,BYD,7,0.08981428571428574,47,9.5337,113,10.4428
stocks,2024,5,CELH,6,0.4730833333333333,24,9.1014,127,17.8849
stocks,2024,5,CMG,4,0.41395,13,6.1819999999999995,71,11.6945
stocks,2024,5,CRM,6,0.27375,15,3.0204,150,4.1644000000000005
stocks,2024,5,CVS,10,0.10023,29,4.4186,61,4.3501
stocks,2024,5,DIS,5,0.21200000000000002,21,5.8149999999999995,125,9.5596
stocks,2024,5,DJT,3,0.10413333333333334,19,2.664,1109,55.298700000000004
stocks,2024,5,ELF,9,0.4173222222222222,13,5.7921,44,13.1227
stocks,2024,5,FCF,3,0.8411333333333334,26,5.8945,49,11.8589
stocks,2024,5,GE,5,0.26914000000000005,24,7.3404,77,8.027
stocks,2024,5,GLP,3,0.38189999999999996,10,4.7239,41,3.1268999999999996
stocks,2024,5,GME,13,0.23456923076923075,57,9.7762,231,48.6789
stocks,2024,5,GOOGL,2,0.4719,37,14.2476,184,23.4018
stocks,2024,5,HCC,3,0.2704,12,2.6239,13,2.6239
stocks,2024,5,IBKR,1,0.0772,11,3.6434,62,2.2072000000000003
stocks,2024,5,IBM,4,0.659725,33,8.8683,119,22.5149
stocks,2024,5,INTC,5,0.28746,48,10.758799999999999,438,18.772299999999998
stocks,2024,5,LOT,2,0.006100000000000008,15,4.7598,78,14.3235
stocks,2024,5,LULU,8,0.44455,19,6.5224,133,-0.2673999999999996
stocks,2024,5,MA,2,0.12489999999999998,12,2.499,39,2.18
stocks,2024,5,META,6,0.15776666666666667,90,18.1618,637,46.2566
stocks,2024,5,MSFT,13,0.3564230769230769,100,28.0636,623,59.1218
stocks,2024,5,NIO,6,0.2660666666666667,19,6.8743,93,6.1334
stocks,2024,5,NKE,3,0.3135666666666667,12,5.6811,121,8.2551
stocks,2024,5,NVDA,58,0.2865724137931035,407,109.1904,8562,572.9347
stocks,2024,5,PFE,6,0.40673333333333334,26,4.6161,63,6.684200000000001
stocks,2024,5,PR,1,0.9259,12,4.7499,53,1.3608999999999998
stocks,2024,5,RKLB,1,0.4003,17,4.3415,87,16.6416
stocks,2024,5,SBUX,10,0.34275,27,11.1811,93,7.8058000000000005
stocks,2024,5,SE,3,0.4526333333333333,12,2.4801,20,5.0146
stocks,2024,5,SF,6,0.3151,12,3.6141,32,4.9006
stocks,2024,5,SOFI,3,0.5431666666666667,20,3.9973,253,16.4154
stocks,2024,5,TSM,7,0.3242,47,17.5839,1132,81.265
stocks,2024,5,ULTA,7,0.41765714285714284,11,3.7013,56,1.6439000000000001
stocks,2024,5,UNH,5,0.05780000000000002,19,4.6142,49,7.3006
stocks,2024,6,AAPL,18,0.3728388888888889,112,30.376,1236,74.772
stocks,2024,6,AGI,4,0.81665,12,6.3039000000000005,65,12.6921
stocks,2024,6,AMD,35,0.3697285714285714,196,57.8709,1881,156.2066
stocks,2024,6,AMZN,10,0.47619,70,19.7533,571,209.4031
stocks,2024,6,API,5,0.45648,16,5.8291,41,6.743
stocks,2024,6,ARM,12,0.3094166666666667,45,11.2662,503,45.4662
stocks,2024,6,ASML,8,0.460825,42,15.4733,145,25.8555
stocks,2024,6,AVGO,10,0.11918,16,2.4471,188,7.4493
stocks,2024,6,BYD,3,0.07530000000000002,47,9.5337,113,10.4428
stocks,2024,6,CELH,4,0.11892499999999999,24,9.1014,127,17.8849
stocks,2024,6,CMG,5,0.37316,13,6.1819999999999995,71,11.6945
stocks,2024,6,CROX,1,0.8157,12,1.5335,28,3.3598
stocks,2024,6,CRWD,4,0.3845,20,5.3561,201,33.885
stocks,2024,6,DIS,1,0.9504,21,5.8149999999999995,125,9.5596
stocks,2024,6,DJT,4,0.21145,19,2.664,1109,55.298700000000004
stocks,2024,6,ELF,2,0.4815,13,5.7921,44,13.1227
stocks,2024,6,ENPH,2,0.10504999999999998,16,0.5488000000000001,48,2.3592000000000004
stocks,2024,6,FCF,2,0.38875000000000004,26,5.8945,49,11.8589
stocks,2024,6,GE,3,0.00579999999999999,24,7.3404,77,8.027
stocks,2024,6,GLP,2,0.37625,10,4.7239,41,3.1268999999999996
stocks,2024,6,GM,6,0.04091666666666665,26,3.9141,88,10.992799999999999
stocks,2024,6,GME,17,0.1617294117647059,57,9.7762,231,48.6789
stocks,2024,6,GOOGL,6,0.26113333333333333,37,14.2476,184,23.4018
stocks,2024,6,HCC,1,0.8977,12,2.6239,13,2.6239
stocks,2024,6,IBKR,2,0.49795,11,3.6434,62,2.2072000000000003
stocks,2024,6,IBM,6,0.10273333333333334,33,8.8683,119,22.5149
stocks,2024,6,INTC,15,0.058306666666666666,48,10.758799999999999,438,18.772299999999998
stocks,2024,6,JPM,2,0.46685,16,2.5641,109,10.4651
stocks,2024,6,LLY,2,0.21075,15,4.0377,175,10.051400000000001
stocks,2024,6,LOT,2,0.45204999999999995,15,4.7598,78,14.3235
stocks,2024,6,LULU,4,0.24314999999999998,19,6.5224,133,-0.2673999999999996
stocks,2024,6,META,10,0.22172999999999998,90,18.1618,637,46.2566
stocks,2024,6,MSFT,23,0.2316826086956522,100,28.0636,623,59.1218
stocks,2024,6,MSTR,2,0.72785,16,3.4154,358,23.2834
stocks,2024,6,NIO,4,0.466825,19,6.8743,93,6.1334
stocks,2024,6,NKE,3,0.7940333333333333,12,5.6811,121,8.2551
stocks,2024,6,NVDA,95,0.3021378947368421,407,109.1904,8562,572.9347
stocks,2024,6,NVO,3,0.332,14,2.9888000000000003,66,14.0714
stocks,2024,6,PANW,3,0.3085333333333333,18,5.6995,270,16.0606
stocks,2024,6,PLTR,1,0.9959,28,10.1119,438,70.5968
stocks,2024,6,PYPL,3,0.16143333333333335,18,0.8193,193,6.434200000000001
stocks,2024,6,SBUX,1,0.2023,27,11.1811,93,7.8058000000000005
stocks,2024,6,SE,1,0.765,12,2.4801,20,5.0146
stocks,2024,6,SF,1,0.3167,12,3.6141,32,4.9006
stocks,2024,6,SMCI,2,0.7606999999999999,43,7.6588,1811,92.76820000000001
stocks,2024,6,SNOW,5,0.37262,13,4.1064,206,15.411100000000001
stocks,2024,6,TSLA,20,0.14604,136,30.7408,2314,64.3603
stocks,2024,6,TSM,5,0.5856399999999999,47,17.5839,1132,81.265
stocks,2024,6,ULTA,3,0.0020000000000000018,11,3.7013,56,1.6439000000000001
stocks,2024,6,UNH,2,0.38585,19,4.6142,49,7.3006
wallstreetbets,2024,1,AA,6,0.010066666666666677,29,0.03180000000000005,33,0.7983
wallstreetbets,2024,1,AAL,4,0.361325,17,1.562,18,1.2888000000000002
wallstreetbets,2024,1,AAPL,84,0.07128095238095238,1124,44.396,1236,74.772
wallstreetbets,2024,1,ACB,2,0.36755,24,3.6031,27,4.5297
wallstreetbets,2024,1,AGI,3,0.33570000000000005,53,6.3882,65,12.6921
wallstreetbets,2024,1,ALT,2,0.66745,19,4.2257,21,4.3328
wallstreetbets,2024,1,AMC,41,0.16084390243902438,559,24.764499999999998,583,29.8202
wallstreetbets,2024,1,AMD,480,0.019594583333333335,1685,98.3357,1881,156.2066
wallstreetbets,2024,1,AMZN,60,0.444005,501,189.6498,571,209.4031
wallstreetbets,2024,1,API,4,0.2278,25,0.9139000000000003,41,6.743
wallstreetbets,2024,1,AR,9,0.22083333333333333,34,4.2749,46,7.5329999999999995
wallstreetbets,2024,1,ARM,8,0.3085625,458,34.2,503,45.4662
wallstreetbets,2024,1,ASML,7,0.16229999999999997,103,10.382200000000001,145,25.8555
wallstreetbets,2024,1,ASTS,3,0.03623333333333336,113,17.2849,122,18.6764
wallstreetbets,2024,1,AVGO,11,0.21967272727272727,172,5.0022,188,7.4493
wallstreetbets,2024,1,AZ,4,0.266975,17,3.178,18,3.5392
wallstreetbets,2024,1,BABA,48,0.09048958333333333,172,13.404399999999999,200,19.1518
wallstreetbets,2024,1,BK,1,0.631,14,2.554,19,3.4913
wallstreetbets,2024,1,BOOM,3,0.2020666666666667,21,3.9045,22,3.9045
wallstreetbets,2024,1,BROS,2,0.11315,24,5.2279,28,7.2459
wallstreetbets,2024,1,BULL,5,0.48922,35,1.4188999999999998,38,1.6217000000000001
wallstreetbets,2024,1,BYD,21,0.011547619047619043,66,0.9091,113,10.4428
wallstreetbets,2024,1,CALM,11,0.47353636363636364,18,6.9011,18,6.9011
wallstreetbets,2024,1,CASH,3,0.15293333333333334,14,0.36939999999999995,15,0.05119999999999997
wallstreetbets,2024,1,CCJ,1,0.34,12,1.4975,13,1.4975
wallstreetbets,2024,1,CCL,3,0.4061666666666666,83,6.6969,85,7.2236
wallstreetbets,2024,1,CELH,4,0.0903,103,8.7835,127,17.8849
wallstreetbets,2024,1,CGC,2,0.62985,67,6.8065,67,6.8065
wallstreetbets,2024,1,CHGG,1,0.296,11,0.3273,12,0.9978
wallstreetbets,2024,1,CHWY,2,0.2412,42,3.8226999999999998,43,4.2415
wallstreetbets,2024,1,CIA,9,0.08317777777777777,36,0.1358999999999999,39,1.0597999999999996
wallstreetbets,2024,1,COIN,36,0.08365,243,19.9324,252,19.1204
wallstreetbets,2024,1,COST,5,0.36612,140,16.3641,154,20.7344
wallstreetbets,2024,1,CROX,3,0.2083,16,1.8263,28,3.3598
wallstreetbets,2024,1,CRWD,4,0.19125,181,28.5289,201,33.885
wallstreetbets,2024,1,CVX,2,0.44905,10,2.708,15,4.972
wallstreetbets,2024,1,DAY,12,0.048683333333333335,75,4.0519,76,3.4208999999999996
wallstreetbets,2024,1,DC,10,0.17761,50,5.9796000000000005,57,6.9028
wallstreetbets,2024,1,DDOG,19,0.9906,188,169.5777,189,170.3128
wallstreetbets,2024,1,DEI,26,0.14338076923076923,43,4.2896,51,5.1152
wallstreetbets,2024,1,DIS,10,0.009029999999999993,104,3.7445999999999997,125,9.5596
wallstreetbets,2024,1,DOCU,4,0.0978,31,2.9033,31,2.9033
wallstreetbets,2024,1,DOW,6,0.2981666666666667,38,1.9419,43,2.8691
wallstreetbets,2024,1,DTE,6,0.034083333333333334,76,9.7576,79,12.4107
wallstreetbets,2024,1,EMA,1,0.9888,10,2.625,10,2.625
wallstreetbets,2024,1,ES,9,0.23122222222222222,59,4.401800000000001,61,6.350200000000001
wallstreetbets,2024,1,ET,5,0.18208000000000002,50,8.1615,52,7.3059
wallstreetbets,2024,1,EVER,6,0.29141666666666666,36,4.5911,39,5.2599
wallstreetbets,2024,1,FCF,3,0.28826666666666667,23,5.9644,49,11.8589
wallstreetbets,2024,1,FDX,2,0.20775,50,1.6988999999999999,51,1.9252
wallstreetbets,2024,1,FL,5,0.5839000000000001,24,3.6364,29,5.1087
wallstreetbets,2024,1,GE,5,0.013039999999999986,53,0.6866,77,8.027
wallstreetbets,2024,1,GM,14,0.2906571428571429,62,7.0787,88,10.992799999999999
wallstreetbets,2024,1,GOOD,4,0.68265,46,22.2465,47,22.0059
wallstreetbets,2024,1,GOOGL,9,0.26437777777777777,147,9.1542,184,23.4018
wallstreetbets,2024,1,GTLB,1,0.352,22,1.4853999999999996,23,1.4853999999999996
wallstreetbets,2024,1,HD,1,0.4927,18,2.5246,26,4.1335
wallstreetbets,2024,1,HE,8,0.002212499999999999,66,4.677,68,4.8298
wallstreetbets,2024,1,HOOD,6,0.33325,300,21.633,305,23.720200000000002
wallstreetbets,2024,1,HPE,2,0.6971,155,3.4215,159,3.9544
wallstreetbets,2024,1,HR,3,0.47293333333333337,34,3.0494000000000003,43,4.29
wallstreetbets,2024,1,HUT,9,0.04215555555555555,18,1.2654999999999998,21,1.5074
wallstreetbets,2024,1,IBM,26,0.23352692307692308,86,13.6466,119,22.5149
wallstreetbets,2024,1,ICU,3,0.2955666666666667,13,3.2477,13,3.2477
wallstreetbets,2024,1,IE,2,0.34745,11,5.0882,11,5.0882
wallstreetbets,2024,1,JBLU,13,0.4466230769230769,23,8.5976,23,8.5976
wallstreetbets,2024,1,JPM,11,0.11574545454545455,93,7.901000000000001,109,10.4651
wallstreetbets,2024,1,KC,8,0.20934999999999998,14,1.6791,15,1.3831
wallstreetbets,2024,1,KO,4,0.24162499999999998,31,4.4234,40,9.6028
wallstreetbets,2024,1,LAC,2,0.4449,17,1.5783,19,3.0177
wallstreetbets,2024,1,LCID,2,0.26115,21,2.1858,24,2.3684000000000003
wallstreetbets,2024,1,LNG,5,0.15838000000000002,16,1.6762000000000001,22,2.9363
wallstreetbets,2024,1,LUV,6,0.2366,17,1.6452,20,0.8227
wallstreetbets,2024,1,MARA,117,0.07383846153846153,463,15.354299999999999,467,14.6836
wallstreetbets,2024,1,MC,2,0.31845,25,5.2598,29,6.0456
wallstreetbets,2024,1,META,50,0.07253599999999999,547,28.0948,637,46.2566
wallstreetbets,2024,1,MPW,3,0.3487,10,1.0589,14,1.7988
wallstreetbets,2024,1,MRNA,4,0.41135,22,4.5771,24,5.2783
wallstreetbets,2024,1,MSFT,134,0.040597761194029844,523,31.0582,623,59.1218
wallstreetbets,2024,1,MSTR,10,0.07409000000000002,342,19.868,358,23.2834
wallstreetbets,2024,1,NET,2,0.34135000000000004,56,6.1927,64,8.3415
wallstreetbets,2024,1,NFLX,63,0.026157142857142855,159,3.8242,174,5.3685
wallstreetbets,2024,1,NVDA,586,0.05539163822525597,8155,463.7443,8562,572.9347
wallstreetbets,2024,1,NVO,3,0.3216333333333334,52,11.082600000000001,66,14.0714
wallstreetbets,2024,1,OI,5,0.012239999999999984,39,2.9015999999999997,40,3.5721
wallstreetbets,2024,1,OKLO,1,0.2911,115,12.4507,116,12.1547
wallstreetbets,2024,1,OXY,8,0.18527500000000002,49,6.7797,52,7.5998
wallstreetbets,2024,1,PANW,4,0.165525,252,10.3611,270,16.0606
wallstreetbets,2024,1,PEG,2,0.7504,18,2.3802000000000003,24,4.2432
wallstreetbets,2024,1,PEP,2,0.44455,12,2.8651999999999997,15,3.5791
wallstreetbets,2024,1,PFE,8,0.0830375,37,2.0681,63,6.684200000000001
wallstreetbets,2024,1,PLAY,2,0.10460000000000003,42,15.4566,42,15.4566
wallstreetbets,2024,1,PLTR,19,0.22632105263157892,410,60.484899999999996,438,70.5968
wallstreetbets,2024,1,PLUG,9,0.061222222222222226,24,0.7981999999999999,30,2.0592
wallstreetbets,2024,1,PSA,1,0.9256,15,1.8095999999999999,17,2.5192
wallstreetbets,2024,1,PYPL,59,0.040927118644067804,175,5.6149,193,6.434200000000001
wallstreetbets,2024,1,QCOM,7,0.07531428571428574,41,5.2001,45,6.5685
wallstreetbets,2024,1,RC,2,0.6085499999999999,49,6.5461,51,6.4945
wallstreetbets,2024,1,REAL,4,0.30305,35,6.5279,36,6.99
wallstreetbets,2024,1,RILY,3,0.0018333333333333333,55,0.3094999999999996,57,1.4223999999999997
wallstreetbets,2024,1,RIVN,15,0.12246,208,7.9627,213,9.373
wallstreetbets,2024,1,RTX,19,0.26391052631578943,66,10.4129,73,12.6255
wallstreetbets,2024,1,RUM,9,0.2613666666666667,36,4.8322,38,4.8322
wallstreetbets,2024,1,SA,3,0.4865333333333333,14,2.9431000000000003,19,3.2840999999999996
wallstreetbets,2024,1,SD,4,0.25429999999999997,11,1.4121000000000001,11,1.4121000000000001
wallstreetbets,2024,1,SHOP,1,0.6124,63,7.2785,68,10.3101
wallstreetbets,2024,1,SIRI,3,0.24326666666666666,20,2.6124000000000005,22,3.8397000000000006
wallstreetbets,2024,1,SMCI,91,0.08199670329670329,1768,85.1094,1811,92.76820000000001
wallstreetbets,2024,1,SOFI,90,0.07101666666666666,233,12.4181,253,16.4154
wallstreetbets,2024,1,SPCE,1,0.5983,19,0.6139999999999999,21,2.0465
wallstreetbets,2024,1,SPOT,2,0.6106499999999999,31,2.9222,31,2.9222
wallstreetbets,2024,1,SW,3,0.5330333333333334,13,5.981,19,6.6085
wallstreetbets,2024,1,TEAM,4,0.259925,16,2.6829,16,2.6829
wallstreetbets,2024,1,TGT,1,0.1531,50,7.3443,58,7.6393
wallstreetbets,2024,1,TIL,4,0.0903,37,1.9968000000000001,42,3.3967
wallstreetbets,2024,1,TKO,3,0.5021,16,4.0606,17,5.0177
wallstreetbets,2024,1,TLRY,9,0.13004444444444443,107,1.3428999999999998,108,1.3428999999999998
wallstreetbets,2024,1,TM,2,0.42715,14,1.9305999999999999,16,1.3826999999999998
wallstreetbets,2024,1,TOP,3,0.1579,34,6.8321,34,6.8321
wallstreetbets,2024,1,TSLA,398,0.016185678391959796,2178,33.6195,2314,64.3603
wallstreetbets,2024,1,TSM,17,0.21734705882352942,1085,63.6811,1132,81.265
wallstreetbets,2024,1,TWO,5,0.39776,16,1.7008999999999999,16,1.7008999999999999
wallstreetbets,2024,1,TX,3,0.6241666666666666,16,8.6198,19,10.313600000000001
wallstreetbets,2024,1,UBER,1,0.3233,35,4.129,40,7.2652
wallstreetbets,2024,1,UNH,10,0.015890000000000005,30,2.6864,49,7.3006
wallstreetbets,2024,1,UPS,43,0.07798837209302326,79,7.1075,87,8.5862
wallstreetbets,2024,1,UPST,1,0.4199,24,0.7095,26,0.7095
wallstreetbets,2024,1,VC,7,0.04188571428571429,22,3.5681000000000003,31,7.3494
wallstreetbets,2024,1,WELL,1,0.0054,10,1.0520999999999998,10,1.0520999999999998
wallstreetbets,2024,1,WING,1,0.1531,19,1.9644,23,4.2242999999999995
wallstreetbets,2024,1,WMT,3,0.06939999999999998,54,7.2341,60,7.6143
wallstreetbets,2024,1,WOW,3,0.6876666666666668,24,12.358,26,13.6979
wallstreetbets,2024,1,WS,1,0.5267,21,3.9325,24,3.6709
wallstreetbets,2024,1,XOM,14,0.039400000000000004,45,4.6851,54,10.3864
wallstreetbets,2024,1,ZIM,61,0.11187213114754099,86,5.496,89,5.9535
wallstreetbets,2024,2,AAL,2,0.07645,17,1.562,18,1.2888000000000002
wallstreetbets,2024,2,AAPL,160,0.046496875,1124,44.396,1236,74.772
wallstreetbets,2024,2,ABNB,13,0.21796923076923075,33,3.1940999999999997,39,6.1156999999999995
wallstreetbets,2024,2,ADP,1,0.8074,14,0.8954,15,0.8954
wallstreetbets,2024,2,AFRM,55,0.06934727272727273,66,3.6538,67,4.1234
wallstreetbets,2024,2,AGI,9,0.19642222222222222,53,6.3882,65,12.6921
wallstreetbets,2024,2,AMAT,30,0.08717333333333332,43,3.2804,48,4.6532
wallstreetbets,2024,2,AMC,48,0.01009166666666667,559,24.764499999999998,583,29.8202
wallstreetbets,2024,2,AMD,238,0.11978193277310924,1685,98.3357,1881,156.2066
wallstreetbets,2024,2,AMZN,95,0.3381452631578948,501,189.6498,571,209.4031
wallstreetbets,2024,2,ANET,28,0.19304285714285713,33,6.6721,38,9.8095
wallstreetbets,2024,2,ANF,10,0.03304,89,2.4175,90,2.4175
wallstreetbets,2024,2,API,5,0.1768,25,0.9139000000000003,41,6.743
wallstreetbets,2024,2,ARM,273,0.05767069597069597,458,34.2,503,45.4662
wallstreetbets,2024,2,ASIC,5,0.38432,12,3.5378,14,3.8110999999999997
wallstreetbets,2024,2,ASML,11,0.06221818181818182,103,10.382200000000001,145,25.8555
wallstreetbets,2024,2,ASTS,3,0.7171,113,17.2849,122,18.6764
wallstreetbets,2024,2,BABA,63,0.11586031746031746,172,13.404399999999999,200,19.1518
wallstreetbets,2024,2,BBAI,3,0.16463333333333333,134,7.6465000000000005,134,7.6465000000000005
wallstreetbets,2024,2,BBWI,2,0.125,16,0.8686,16,0.8686
wallstreetbets,2024,2,BC,4,0.5616749999999999,12,3.3036,13,3.8813999999999997
wallstreetbets,2024,2,BJ,7,0.04748571428571429,26,2.7096,29,4.4473
wallstreetbets,2024,2,BK,1,0.3612,14,2.554,19,3.4913
wallstreetbets,2024,2,BOOM,5,0.42998000000000003,21,3.9045,22,3.9045
wallstreetbets,2024,2,BP,5,0.13404,15,3.1959999999999997,21,2.0153
wallstreetbets,2024,2,BROS,4,0.23035,24,5.2279,28,7.2459
wallstreetbets,2024,2,BYD,3,0.20093333333333332,66,0.9091,113,10.4428
wallstreetbets,2024,2,BYND,29,0.10762068965517241,55,2.8787,60,6.295
wallstreetbets,2024,2,CALM,1,0.4069,18,6.9011,18,6.9011
wallstreetbets,2024,2,CAR,5,0.0061800000000000075,13,0.8054000000000001,15,1.1231
wallstreetbets,2024,2,CAT,8,0.2453,21,1.7352,26,3.9800999999999997
wallstreetbets,2024,2,CAVA,23,0.032778260869565215,81,9.144,88,10.2554
wallstreetbets,2024,2,CC,10,0.030190000000000005,68,12.0442,77,15.1906
wallstreetbets,2024,2,CCJ,5,0.22462,12,1.4975,13,1.4975
wallstreetbets,2024,2,CCL,5,0.37460000000000004,83,6.6969,85,7.2236
wallstreetbets,2024,2,CELH,50,0.038155999999999995,103,8.7835,127,17.8849
wallstreetbets,2024,2,CHWY,3,0.32083333333333336,42,3.8226999999999998,43,4.2415
wallstreetbets,2024,2,CIA,1,0.7597,36,0.1358999999999999,39,1.0597999999999996
wallstreetbets,2024,2,CLSK,15,0.22298,43,3.2358,45,2.808
wallstreetbets,2024,2,CMG,5,0.31874,58,5.5125,71,11.6945
wallstreetbets,2024,2,COIN,77,0.10415584415584415,243,19.9324,252,19.1204
wallstreetbets,2024,2,COST,11,0.14889090909090907,140,16.3641,154,20.7344
wallstreetbets,2024,2,CPA,3,0.3514,13,0.3184999999999999,16,-0.9248000000000001
wallstreetbets,2024,2,CROX,4,0.10544999999999999,16,1.8263,28,3.3598
wallstreetbets,2024,2,CRSP,4,0.177075,12,0.3851000000000001,15,1.4692000000000003
wallstreetbets,2024,2,CRWD,16,0.136125,181,28.5289,201,33.885
wallstreetbets,2024,2,CSCO,18,0.22340000000000002,41,8.6646,43,9.5004
wallstreetbets,2024,2,CVX,3,0.34299999999999997,10,2.708,15,4.972
wallstreetbets,2024,2,DAY,12,0.10129166666666667,75,4.0519,76,3.4208999999999996
wallstreetbets,2024,2,DDOG,44,0.6796590909090909,188,169.5777,189,170.3128
wallstreetbets,2024,2,DEA,2,0.1458,30,3.0479000000000003,33,4.3463
wallstreetbets,2024,2,DIS,41,0.11772439024390244,104,3.7445999999999997,125,9.5596
wallstreetbets,2024,2,DJT,2,0.7531,1090,52.6347,1109,55.298700000000004
wallstreetbets,2024,2,DKNG,67,0.14327164179104476,90,9.4862,96,11.2276
wallstreetbets,2024,2,DNA,4,0.362925,17,2.5175,21,2.6128
wallstreetbets,2024,2,DSP,2,0.4656,11,4.0389,15,6.3309
wallstreetbets,2024,2,DTE,15,0.21346666666666667,76,9.7576,79,12.4107
wallstreetbets,2024,2,DUOL,5,0.23032,12,1.87,12,1.87
wallstreetbets,2024,2,ELF,15,0.30845333333333336,31,7.3306,44,13.1227
wallstreetbets,2024,2,ENPH,13,0.12632307692307695,32,1.8104,48,2.3592000000000004
wallstreetbets,2024,2,ENVX,9,0.24563333333333334,23,3.6713,26,5.1963
wallstreetbets,2024,2,ES,5,0.2036,59,4.401800000000001,61,6.350200000000001
wallstreetbets,2024,2,ET,4,0.31057500000000005,50,8.1615,52,7.3059
wallstreetbets,2024,2,EVER,7,0.3616142857142857,36,4.5911,39,5.2599
wallstreetbets,2024,2,FA,5,0.02318,12,1.4744000000000002,14,1.846
wallstreetbets,2024,2,FL,3,0.2707333333333333,24,3.6364,29,5.1087
wallstreetbets,2024,2,FROG,12,0.2594,16,3.5262000000000002,16,3.5262000000000002
wallstreetbets,2024,2,FSLR,6,0.36988333333333334,18,5.6612,23,7.1035
wallstreetbets,2024,2,FSLY,10,0.08383,20,0.2398,21,-0.2479
wallstreetbets,2024,2,GE,4,0.08315,53,0.6866,77,8.027
wallstreetbets,2024,2,GM,8,0.016475000000000004,62,7.0787,88,10.992799999999999
wallstreetbets,2024,2,GOOD,10,0.60152,46,22.2465,47,22.0059
wallstreetbets,2024,2,HD,7,0.02058571428571429,18,2.5246,26,4.1335
wallstreetbets,2024,2,HE,8,0.24156249999999999,66,4.677,68,4.8298
wallstreetbets,2024,2,HIMS,23,0.10006086956521738,165,3.9699999999999993,170,4.8576999999999995
wallstreetbets,2024,2,HOOD,60,0.12113333333333333,300,21.633,305,23.720200000000002
wallstreetbets,2024,2,HOPE,6,0.6956333333333333,18,9.9077,19,10.064
wallstreetbets,2024,2,HP,5,0.42607999999999996,26,1.3202,32,3.8353
wallstreetbets,2024,2,HPE,9,0.10425555555555557,155,3.4215,159,3.9544
wallstreetbets,2024,2,HPQ,3,0.5029666666666667,10,1.8599999999999999,11,2.8436000000000003
wallstreetbets,2024,2,HUT,5,0.13202,18,1.2654999999999998,21,1.5074
wallstreetbets,2024,2,IBM,11,0.0018999999999999976,86,13.6466,119,22.5149
wallstreetbets,2024,2,ICU,8,0.1493875,13,3.2477,13,3.2477
wallstreetbets,2024,2,IE,2,0.8140000000000001,11,5.0882,11,5.0882
wallstreetbets,2024,2,INTC,24,0.05426666666666666,390,8.013499999999999,438,18.772299999999998
wallstreetbets,2024,2,IONQ,9,0.38816666666666666,16,4.9347,20,7.0659
wallstreetbets,2024,2,IOVA,22,0.08283636363636364,26,1.0386,26,1.0386
wallstreetbets,2024,2,JD,2,0.1806,28,0.2637999999999998,35,2.6704
wallstreetbets,2024,2,JPM,12,0.04954166666666667,93,7.901000000000001,109,10.4651
wallstreetbets,2024,2,KC,3,0.08603333333333335,14,1.6791,15,1.3831
wallstreetbets,2024,2,KO,9,0.13545555555555555,31,4.4234,40,9.6028
wallstreetbets,2024,2,LAZR,7,0.18707142857142856,15,1.9447,15,1.9447
wallstreetbets,2024,2,LCID,5,0.09337999999999999,21,2.1858,24,2.3684000000000003
wallstreetbets,2024,2,LLY,95,0.03711789473684211,160,6.0137,175,10.051400000000001
wallstreetbets,2024,2,LSCC,14,0.04587857142857143,15,0.8923,15,0.8923
wallstreetbets,2024,2,LUNR,169,0.007556213017751482,208,3.3526000000000002,213,3.708
wallstreetbets,2024,2,MARA,209,0.036978947368421056,463,15.354299999999999,467,14.6836
wallstreetbets,2024,2,MC,8,0.11406250000000001,25,5.2598,29,6.0456
wallstreetbets,2024,2,META,154,0.11716623376623375,547,28.0948,637,46.2566
wallstreetbets,2024,2,MNMD,1,0.5952,14,0.7720999999999998,14,0.7720999999999998
wallstreetbets,2024,2,MRNA,6,0.1736333333333333,22,4.5771,24,5.2783
wallstreetbets,2024,2,MRVL,4,0.08855,84,8.3051,85,9.2919
wallstreetbets,2024,2,MSFT,61,0.1943704918032787,523,31.0582,623,59.1218
wallstreetbets,2024,2,NET,38,0.10943947368421052,56,6.1927,64,8.3415
wallstreetbets,2024,2,NEXT,8,0.265125,39,6.1684,40,6.0153
wallstreetbets,2024,2,NFLX,4,0.31679999999999997,159,3.8242,174,5.3685
wallstreetbets,2024,2,NICE,6,0.62135,12,5.6808,13,6.5929
wallstreetbets,2024,2,NVAX,4,0.21375,29,3.7752,29,3.7752
wallstreetbets,2024,2,NVDA,1890,0.06596957671957672,8155,463.7443,8562,572.9347
wallstreetbets,2024,2,NVO,7,0.3139,52,11.082600000000001,66,14.0714
wallstreetbets,2024,2,OXY,26,0.18972692307692307,49,6.7797,52,7.5998
wallstreetbets,2024,2,PANW,128,0.0437875,252,10.3611,270,16.0606
wallstreetbets,2024,2,PEG,1,0.4588,18,2.3802000000000003,24,4.2432
wallstreetbets,2024,2,PEP,6,0.10331666666666665,12,2.8651999999999997,15,3.5791
wallstreetbets,2024,2,PFE,11,0.21840909090909089,37,2.0681,63,6.684200000000001
wallstreetbets,2024,2,PINS,45,0.08709333333333333,54,3.5244999999999997,55,4.4326
wallstreetbets,2024,2,PLAY,8,0.335275,42,15.4566,42,15.4566
wallstreetbets,2024,2,PLTR,149,0.1275926174496644,410,60.484899999999996,438,70.5968
wallstreetbets,2024,2,PLUG,3,0.06743333333333333,24,0.7981999999999999,30,2.0592
wallstreetbets,2024,2,POST,4,0.3224,14,0.18310000000000026,14,0.18310000000000026
wallstreetbets,2024,2,PSA,6,0.07861666666666667,15,1.8095999999999999,17,2.5192
wallstreetbets,2024,2,PSNY,9,0.33547777777777776,16,3.6492999999999998,17,3.9893
wallstreetbets,2024,2,PT,13,0.27916153846153846,51,7.2368999999999994,56,10.587399999999999
wallstreetbets,2024,2,PTON,7,0.06639999999999999,32,1.9744,33,2.3747
wallstreetbets,2024,2,PYPL,73,0.014372602739726029,175,5.6149,193,6.434200000000001
wallstreetbets,2024,2,QCOM,12,0.010999999999999996,41,5.2001,45,6.5685
wallstreetbets,2024,2,RACE,10,0.12195,24,0.2717999999999998,27,0.9774999999999998
wallstreetbets,2024,2,REAL,6,0.43465,35,6.5279,36,6.99
wallstreetbets,2024,2,RIVN,60,0.09192,208,7.9627,213,9.373
wallstreetbets,2024,2,RKLB,14,0.29755000000000004,70,12.3001,87,16.6416
wallstreetbets,2024,2,RL,3,0.17250000000000001,14,0.8291000000000001,16,1.1572000000000002
wallstreetbets,2024,2,RTX,6,0.4209666666666667,66,10.4129,73,12.6255
wallstreetbets,2024,2,RUM,3,0.20413333333333336,36,4.8322,38,4.8322
wallstreetbets,2024,2,RXRX,5,0.20074,13,1.4252,14,1.348
wallstreetbets,2024,2,SB,6,0.13131666666666666,10,1.4113,11,2.0650999999999997
wallstreetbets,2024,2,SF,5,0.20482,20,1.2865,32,4.9006
wallstreetbets,2024,2,SHOP,39,0.07596923076923078,63,7.2785,68,10.3101
wallstreetbets,2024,2,SKY,4,0.281475,10,1.1132,10,1.1132
wallstreetbets,2024,2,SMCI,1001,0.051169230769230765,1768,85.1094,1811,92.76820000000001
wallstreetbets,2024,2,SNOW,92,0.008846739130434784,193,11.3047,206,15.411100000000001
wallstreetbets,2024,2,SOUN,239,0.03199623430962343,390,9.345,394,11.199100000000001
wallstreetbets,2024,2,SPCE,10,0.18630999999999998,19,0.6139999999999999,21,2.0465
wallstreetbets,2024,2,SPOT,13,0.011369230769230769,31,2.9222,31,2.9222
wallstreetbets,2024,2,SPWR,2,0.40080000000000005,15,2.0641,15,2.0641
wallstreetbets,2024,2,SW,4,0.5293,13,5.981,19,6.6085
wallstreetbets,2024,2,TGT,3,0.32593333333333335,50,7.3443,58,7.6393
wallstreetbets,2024,2,THC,1,0.9992,11,4.6152,13,5.9121
wallstreetbets,2024,2,TIL,6,0.06953333333333334,37,1.9968000000000001,42,3.3967
wallstreetbets,2024,2,TM,2,0.2339,14,1.9305999999999999,16,1.3826999999999998
wallstreetbets,2024,2,TOP,10,0.27155,34,6.8321,34,6.8321
wallstreetbets,2024,2,TSLA,304,0.02229703947368421,2178,33.6195,2314,64.3603
wallstreetbets,2024,2,TSM,34,0.05961470588235294,1085,63.6811,1132,81.265
wallstreetbets,2024,2,TX,3,0.7407,16,8.6198,19,10.313600000000001
wallstreetbets,2024,2,UBER,14,0.20944285714285713,35,4.129,40,7.2652
wallstreetbets,2024,2,UNH,7,0.11125714285714285,30,2.6864,49,7.3006
wallstreetbets,2024,2,UPST,11,0.10205454545454545,24,0.7095,26,0.7095
wallstreetbets,2024,2,VC,6,0.5896833333333333,22,3.5681000000000003,31,7.3494
wallstreetbets,2024,2,VKTX,16,0.1675,38,4.3832,41,4.7646
wallstreetbets,2024,2,VRT,4,0.08237500000000002,29,6.2019,33,7.3769
wallstreetbets,2024,2,WBD,10,0.13896999999999998,37,3.0050000000000003,50,6.6303
wallstreetbets,2024,2,WMT,21,0.17389047619047618,54,7.2341,60,7.6143
wallstreetbets,2024,2,WOW,4,0.407775,24,12.358,26,13.6979
wallstreetbets,2024,2,WS,6,0.38938333333333336,21,3.9325,24,3.6709
wallstreetbets,2024,2,XOM,11,0.1635090909090909,45,4.6851,54,10.3864
wallstreetbets,2024,2,ZM,33,0.08834545454545455,40,2.316,45,4.7956
wallstreetbets,2024,2,ZS,25,0.08204,43,3.0561,46,3.0033
wallstreetbets,2024,3,AAPL,255,0.03878980392156863,1124,44.396,1236,74.772
wallstreetbets,2024,3,ADBE,36,0.08610000000000001,87,1.9579000000000002,95,3.2191
wallstreetbets,2024,3,AFRM,1,0.4767,66,3.6538,67,4.1234
wallstreetbets,2024,3,AG,1,0.3612,10,1.5871,14,1.6408
wallstreetbets,2024,3,AGI,13,0.06403076923076924,53,6.3882,65,12.6921
wallstreetbets,2024,3,ALAB,9,0.2146,12,2.0341,12,2.0341
wallstreetbets,2024,3,ALT,7,0.48524285714285714,19,4.2257,21,4.3328
wallstreetbets,2024,3,AMAT,4,0.20859999999999998,43,3.2804,48,4.6532
wallstreetbets,2024,3,AMC,33,0.027360606060606054,559,24.764499999999998,583,29.8202
wallstreetbets,2024,3,AMD,408,0.0509110294117647,1685,98.3357,1881,156.2066
wallstreetbets,2024,3,AMZN,77,0.6222103896103897,501,189.6498,571,209.4031
wallstreetbets,2024,3,ANF,55,0.03987636363636364,89,2.4175,90,2.4175
wallstreetbets,2024,3,ANL,17,0.11971176470588235,29,2.7278,29,2.7278
wallstreetbets,2024,3,AP,2,0.29425,10,0.7564000000000001,13,0.8183999999999999
wallstreetbets,2024,3,AR,6,0.40768333333333334,34,4.2749,46,7.5329999999999995
wallstreetbets,2024,3,ARM,67,0.1063044776119403,458,34.2,503,45.4662
wallstreetbets,2024,3,ASIC,1,0.8173,12,3.5378,14,3.8110999999999997
wallstreetbets,2024,3,ASML,20,0.07101500000000001,103,10.382200000000001,145,25.8555
wallstreetbets,2024,3,AZZ,16,0.05060625,68,0.6571000000000001,68,0.6571000000000001
wallstreetbets,2024,3,BABA,18,0.004311111111111111,172,13.404399999999999,200,19.1518
wallstreetbets,2024,3,BBAI,130,0.06176384615384616,134,7.6465000000000005,134,7.6465000000000005
wallstreetbets,2024,3,BC,1,0.4199,12,3.3036,13,3.8813999999999997
wallstreetbets,2024,3,BJ,15,0.11484,26,2.7096,29,4.4473
wallstreetbets,2024,3,BP,5,0.5144399999999999,15,3.1959999999999997,21,2.0153
wallstreetbets,2024,3,BROS,2,0.5334000000000001,24,5.2279,28,7.2459
wallstreetbets,2024,3,BULL,7,0.1561142857142857,35,1.4188999999999998,38,1.6217000000000001
wallstreetbets,2024,3,BYND,14,0.11148571428571429,55,2.8787,60,6.295
wallstreetbets,2024,3,CALM,1,0.3182,18,6.9011,18,6.9011
wallstreetbets,2024,3,CAR,2,0.2997,13,0.8054000000000001,15,1.1231
wallstreetbets,2024,3,CASH,2,0.3954,14,0.36939999999999995,15,0.05119999999999997
wallstreetbets,2024,3,CAT,3,0.35910000000000003,21,1.7352,26,3.9800999999999997
wallstreetbets,2024,3,CAVA,8,0.209675,81,9.144,88,10.2554
wallstreetbets,2024,3,CB,1,0.9081,11,1.9148,12,2.537
wallstreetbets,2024,3,CC,10,0.35889,68,12.0442,77,15.1906
wallstreetbets,2024,3,CELH,11,0.1715636363636364,103,8.7835,127,17.8849
wallstreetbets,2024,3,CGC,19,0.11428421052631581,67,6.8065,67,6.8065
wallstreetbets,2024,3,CHGG,2,0.125,11,0.3273,12,0.9978
wallstreetbets,2024,3,CIA,6,0.11961666666666666,36,0.1358999999999999,39,1.0597999999999996
wallstreetbets,2024,3,CLSK,11,0.14259090909090907,43,3.2358,45,2.808
wallstreetbets,2024,3,COIN,59,0.12172372881355932,243,19.9324,252,19.1204
wallstreetbets,2024,3,COOK,5,0.36442,17,3.0133,17,3.0133
wallstreetbets,2024,3,COST,94,0.10563404255319148,140,16.3641,154,20.7344
wallstreetbets,2024,3,CROX,3,0.1074,16,1.8263,28,3.3598
wallstreetbets,2024,3,CRWD,94,0.2539723404255319,181,28.5289,201,33.885
wallstreetbets,2024,3,CSCO,4,0.371,41,8.6646,43,9.5004
wallstreetbets,2024,3,CUK,20,0.143815,57,4.501,58,5.4305
wallstreetbets,2024,3,CVX,1,0.5983,10,2.708,15,4.972
wallstreetbets,2024,3,DC,7,0.17835714285714285,50,5.9796000000000005,57,6.9028
wallstreetbets,2024,3,DDOG,46,0.9905999999999999,188,169.5777,189,170.3128
wallstreetbets,2024,3,DE,2,0.19440000000000002,10,1.7409999999999999,14,3.2561
wallstreetbets,2024,3,DEA,4,0.19635,30,3.0479000000000003,33,4.3463
wallstreetbets,2024,3,DEI,9,0.1606,43,4.2896,51,5.1152
wallstreetbets,2024,3,DG,13,0.26570000000000005,16,3.221,16,3.221
wallstreetbets,2024,3,DJT,440,0.053163636363636364,1090,52.6347,1109,55.298700000000004
wallstreetbets,2024,3,DKS,14,0.08527142857142857,17,1.5301999999999998,17,1.5301999999999998
wallstreetbets,2024,3,DNA,2,0.21075,17,2.5175,21,2.6128
wallstreetbets,2024,3,DNUT,18,0.19796111111111112,34,3.3968,34,3.3968
wallstreetbets,2024,3,DOW,5,0.01544,38,1.9419,43,2.8691
wallstreetbets,2024,3,DRS,2,0.32930000000000004,20,2.5961999999999996,24,5.0069
wallstreetbets,2024,3,DSP,7,0.2301714285714286,11,4.0389,15,6.3309
wallstreetbets,2024,3,DTE,23,0.10806521739130436,76,9.7576,79,12.4107
wallstreetbets,2024,3,ELF,2,0.125,31,7.3306,44,13.1227
wallstreetbets,2024,3,EMA,5,0.009019999999999995,10,2.625,10,2.625
wallstreetbets,2024,3,ES,14,0.16370714285714286,59,4.401800000000001,61,6.350200000000001
wallstreetbets,2024,3,ET,9,0.07723333333333333,50,8.1615,52,7.3059
wallstreetbets,2024,3,FA,2,0.25015,12,1.4744000000000002,14,1.846
wallstreetbets,2024,3,FCF,4,0.048524999999999985,23,5.9644,49,11.8589
wallstreetbets,2024,3,FDX,20,0.128345,50,1.6988999999999999,51,1.9252
wallstreetbets,2024,3,FSLR,2,0.1591,18,5.6612,23,7.1035
wallstreetbets,2024,3,GCT,5,0.57042,12,4.2245,13,5.09
wallstreetbets,2024,3,GE,16,0.0620375,53,0.6866,77,8.027
wallstreetbets,2024,3,GOOD,11,0.32332727272727274,46,22.2465,47,22.0059
wallstreetbets,2024,3,GOOGL,43,0.016279069767441864,147,9.1542,184,23.4018
wallstreetbets,2024,3,GS,4,0.350275,19,0.6386999999999999,22,1.809
wallstreetbets,2024,3,GTLB,17,0.05309999999999999,22,1.4853999999999996,23,1.4853999999999996
wallstreetbets,2024,3,HOOD,83,0.06881084337349398,300,21.633,305,23.720200000000002
wallstreetbets,2024,3,HOPE,2,0.83735,18,9.9077,19,10.064
wallstreetbets,2024,3,HPE,10,0.013150000000000005,155,3.4215,159,3.9544
wallstreetbets,2024,3,HR,5,0.17056,34,3.0494000000000003,43,4.29
wallstreetbets,2024,3,HUT,4,0.0565,18,1.2654999999999998,21,1.5074
wallstreetbets,2024,3,IBM,18,0.029283333333333342,86,13.6466,119,22.5149
wallstreetbets,2024,3,IE,4,0.334975,11,5.0882,11,5.0882
wallstreetbets,2024,3,INTC,130,0.030979230769230773,390,8.013499999999999,438,18.772299999999998
wallstreetbets,2024,3,IOVA,2,0.246,26,1.0386,26,1.0386
wallstreetbets,2024,3,JBLU,2,0.3728,23,8.5976,23,8.5976
wallstreetbets,2024,3,JPM,16,0.14870625,93,7.901000000000001,109,10.4651
wallstreetbets,2024,3,KC,2,0.2606,14,1.6791,15,1.3831
wallstreetbets,2024,3,KO,4,0.32037499999999997,31,4.4234,40,9.6028
wallstreetbets,2024,3,LAC,11,0.07422727272727273,17,1.5783,19,3.0177
wallstreetbets,2024,3,LAZR,3,0.15466666666666667,15,1.9447,15,1.9447
wallstreetbets,2024,3,LCID,5,0.07687999999999999,21,2.1858,24,2.3684000000000003
wallstreetbets,2024,3,LNG,3,0.23463333333333333,16,1.6762000000000001,22,2.9363
wallstreetbets,2024,3,LOT,16,0.421275,63,9.5637,78,14.3235
wallstreetbets,2024,3,LSCC,1,0.25,15,0.8923,15,0.8923
wallstreetbets,2024,3,LUNR,15,0.005420000000000006,208,3.3526000000000002,213,3.708
wallstreetbets,2024,3,MC,4,0.4868,25,5.2598,29,6.0456
wallstreetbets,2024,3,MCD,7,0.29344285714285717,49,1.3277,56,0.9215000000000004
wallstreetbets,2024,3,MDB,12,0.19428333333333334,27,3.7432,28,3.7432
wallstreetbets,2024,3,META,71,0.06025492957746479,547,28.0948,637,46.2566
wallstreetbets,2024,3,MO,5,0.21875999999999998,33,2.8266999999999998,37,3.7300999999999997
wallstreetbets,2024,3,MRNA,1,0.9979,22,4.5771,24,5.2783
wallstreetbets,2024,3,MRVL,72,0.07614444444444445,84,8.3051,85,9.2919
wallstreetbets,2024,3,MSFT,84,0.05482619047619048,523,31.0582,623,59.1218
wallstreetbets,2024,3,MSTR,192,0.0751171875,342,19.868,358,23.2834
wallstreetbets,2024,3,MU,113,0.04722743362831859,349,10.1585,351,11.4006
wallstreetbets,2024,3,NET,4,0.180825,56,6.1927,64,8.3415
wallstreetbets,2024,3,NEXT,13,0.29704615384615385,39,6.1684,40,6.0153
wallstreetbets,2024,3,NFLX,11,0.25515454545454547,159,3.8242,174,5.3685
wallstreetbets,2024,3,NGL,2,0.11315,12,1.8873,13,2.6303
wallstreetbets,2024,3,NICE,2,0.59125,12,5.6808,13,6.5929
wallstreetbets,2024,3,NKE,52,0.05947499999999999,109,2.5740000000000003,121,8.2551
wallstreetbets,2024,3,NOK,4,0.3329,15,2.1393,18,2.8396
wallstreetbets,2024,3,NVAX,1,0.4215,29,3.7752,29,3.7752
wallstreetbets,2024,3,NVDA,1881,0.054769165337586384,8155,463.7443,8562,572.9347
wallstreetbets,2024,3,NVO,22,0.1556590909090909,52,11.082600000000001,66,14.0714
wallstreetbets,2024,3,ONON,18,0.007355555555555563,20,0.13240000000000013,22,0.49620000000000003
wallstreetbets,2024,3,ORCL,28,0.12025357142857143,46,5.4943,47,6.087
wallstreetbets,2024,3,PAA,3,0.4337,120,5.6831000000000005,120,5.6831000000000005
wallstreetbets,2024,3,PANW,71,0.015709859154929583,252,10.3611,270,16.0606
wallstreetbets,2024,3,PEG,3,0.19266666666666668,18,2.3802000000000003,24,4.2432
wallstreetbets,2024,3,PEP,3,0.4520666666666666,12,2.8651999999999997,15,3.5791
wallstreetbets,2024,3,PINS,3,0.1486333333333333,54,3.5244999999999997,55,4.4326
wallstreetbets,2024,3,PLAY,8,0.43296250000000003,42,15.4566,42,15.4566
wallstreetbets,2024,3,PLTR,76,0.19745263157894735,410,60.484899999999996,438,70.5968
wallstreetbets,2024,3,PT,13,0.11329999999999998,51,7.2368999999999994,56,10.587399999999999
wallstreetbets,2024,3,QCOM,6,0.09575,41,5.2001,45,6.5685
wallstreetbets,2024,3,RACE,8,0.03125,24,0.2717999999999998,27,0.9774999999999998
wallstreetbets,2024,3,RC,4,0.5445249999999999,49,6.5461,51,6.4945
wallstreetbets,2024,3,REAL,13,0.1324846153846154,35,6.5279,36,6.99
wallstreetbets,2024,3,RIVN,24,0.10677083333333333,208,7.9627,213,9.373
wallstreetbets,2024,3,RKLB,5,0.21883999999999998,70,12.3001,87,16.6416
wallstreetbets,2024,3,RL,2,0.5849,14,0.8291000000000001,16,1.1572000000000002
wallstreetbets,2024,3,RTX,7,0.13028571428571428,66,10.4129,73,12.6255
wallstreetbets,2024,3,RUM,22,0.05335454545454545,36,4.8322,38,4.8322
wallstreetbets,2024,3,RXRX,5,0.0843,13,1.4252,14,1.348
wallstreetbets,2024,3,SA,9,0.22335555555555553,14,2.9431000000000003,19,3.2840999999999996
wallstreetbets,2024,3,SB,2,0.19854999999999998,10,1.4113,11,2.0650999999999997
wallstreetbets,2024,3,SHOP,3,0.4561,63,7.2785,68,10.3101
wallstreetbets,2024,3,SMCI,363,0.03198071625344353,1768,85.1094,1811,92.76820000000001
wallstreetbets,2024,3,SMR,13,0.15453846153846157,23,3.8023,28,5.2874
wallstreetbets,2024,3,SMTC,18,0.13026666666666667,19,2.8647,19,2.8647
wallstreetbets,2024,3,SNOW,54,0.11586666666666667,193,11.3047,206,15.411100000000001
wallstreetbets,2024,3,SOFI,18,0.22562222222222225,233,12.4181,253,16.4154
wallstreetbets,2024,3,SPCE,3,0.14049999999999999,19,0.6139999999999999,21,2.0465
wallstreetbets,2024,3,SPWR,3,0.6629333333333333,15,2.0641,15,2.0641
wallstreetbets,2024,3,SW,2,0.41125,13,5.981,19,6.6085
wallstreetbets,2024,3,TBH,9,0.13190000000000002,27,1.3501,31,2.1347
wallstreetbets,2024,3,TEAM,3,0.16463333333333333,16,2.6829,16,2.6829
wallstreetbets,2024,3,TGT,33,0.1762030303030303,50,7.3443,58,7.6393
wallstreetbets,2024,3,THC,2,0.0814,11,4.6152,13,5.9121
wallstreetbets,2024,3,TIL,8,0.26792499999999997,37,1.9968000000000001,42,3.3967
wallstreetbets,2024,3,TM,5,0.2581,14,1.9305999999999999,16,1.3826999999999998
wallstreetbets,2024,3,TOP,8,0.193875,34,6.8321,34,6.8321
wallstreetbets,2024,3,TSLA,324,0.009200000000000002,2178,33.6195,2314,64.3603
wallstreetbets,2024,3,TSM,631,0.06952741679873217,1085,63.6811,1132,81.265
wallstreetbets,2024,3,TWO,3,0.225,16,1.7008999999999999,16,1.7008999999999999
wallstreetbets,2024,3,UPS,6,0.20745,79,7.1075,87,8.5862
wallstreetbets,2024,3,VKTX,11,0.23775454545454544,38,4.3832,41,4.7646
wallstreetbets,2024,3,VRT,4,0.411025,29,6.2019,33,7.3769
wallstreetbets,2024,3,VSCO,18,0.04315,23,2.5484,23,2.5484
wallstreetbets,2024,3,WBA,4,0.1101,15,3.4395,24,4.0301
wallstreetbets,2024,3,WBD,19,0.018931578947368428,37,3.0050000000000003,50,6.6303
wallstreetbets,2024,3,WELL,2,0.4388,10,1.0520999999999998,10,1.0520999999999998
wallstreetbets,2024,3,WING,4,0.032049999999999995,19,1.9644,23,4.2242999999999995
wallstreetbets,2024,3,WMT,9,0.12941111111111112,54,7.2341,60,7.6143
wallstreetbets,2024,3,WOW,7,0.4733,24,12.358,26,13.6979
wallstreetbets,2024,3,XOM,1,0.5983,45,4.6851,54,10.3864
wallstreetbets,2024,3,ZS,13,0.10008461538461538,43,3.0561,46,3.0033
wallstreetbets,2024,4,AA,3,0.030299999999999994,29,0.03180000000000005,33,0.7983
wallstreetbets,2024,4,AAPL,196,0.060340306122448985,1124,44.396,1236,74.772
wallstreetbets,2024,4,ABNB,1,0.9052,33,3.1940999999999997,39,6.1156999999999995
wallstreetbets,2024,4,ACB,12,0.17935833333333331,24,3.6031,27,4.5297
wallstreetbets,2024,4,ADBE,2,0.11315,87,1.9579000000000002,95,3.2191
wallstreetbets,2024,4,AG,6,0.20066666666666666,10,1.5871,14,1.6408
wallstreetbets,2024,4,AGI,2,0.56785,53,6.3882,65,12.6921
wallstreetbets,2024,4,ALAB,2,0.05135,12,2.0341,12,2.0341
wallstreetbets,2024,4,AMD,235,0.03945234042553192,1685,98.3357,1881,156.2066
wallstreetbets,2024,4,AMZN,126,0.20729603174603173,501,189.6498,571,209.4031
wallstreetbets,2024,4,ANET,1,0.9719,33,6.6721,38,9.8095
wallstreetbets,2024,4,ANF,1,0.6124,89,2.4175,90,2.4175
wallstreetbets,2024,4,ANL,10,0.06927000000000001,29,2.7278,29,2.7278
wallstreetbets,2024,4,AP,2,0.10600000000000001,10,0.7564000000000001,13,0.8183999999999999
wallstreetbets,2024,4,AR,3,0.6746,34,4.2749,46,7.5329999999999995
wallstreetbets,2024,4,ASIC,3,0.48710000000000003,12,3.5378,14,3.8110999999999997
wallstreetbets,2024,4,ASTS,1,0.4215,113,17.2849,122,18.6764
wallstreetbets,2024,4,AZ,5,0.43168000000000006,17,3.178,18,3.5392
wallstreetbets,2024,4,AZZ,39,0.006894871794871795,68,0.6571000000000001,68,0.6571000000000001
wallstreetbets,2024,4,BABA,11,0.08154545454545453,172,13.404399999999999,200,19.1518
wallstreetbets,2024,4,BC,3,0.14286666666666664,12,3.3036,13,3.8813999999999997
wallstreetbets,2024,4,BIDU,2,0.30185,16,0.6903999999999999,18,2.4857
wallstreetbets,2024,4,BJ,3,0.29363333333333336,26,2.7096,29,4.4473
wallstreetbets,2024,4,BOOM,2,0.2187,21,3.9045,22,3.9045
wallstreetbets,2024,4,BYD,14,0.019414285714285717,66,0.9091,113,10.4428
wallstreetbets,2024,4,CALM,5,0.19341999999999998,18,6.9011,18,6.9011
wallstreetbets,2024,4,CASH,4,0.139925,14,0.36939999999999995,15,0.05119999999999997
wallstreetbets,2024,4,CAVA,3,0.18103333333333335,81,9.144,88,10.2554
wallstreetbets,2024,4,CB,3,0.1499,11,1.9148,12,2.537
wallstreetbets,2024,4,CC,14,0.21080000000000002,68,12.0442,77,15.1906
wallstreetbets,2024,4,CCJ,2,0.3238,12,1.4975,13,1.4975
wallstreetbets,2024,4,CCL,5,0.19124,83,6.6969,85,7.2236
wallstreetbets,2024,4,CGC,28,0.04809285714285714,67,6.8065,67,6.8065
wallstreetbets,2024,4,CHGG,1,0.2023,11,0.3273,12,0.9978
wallstreetbets,2024,4,CMG,12,0.33074166666666666,58,5.5125,71,11.6945
wallstreetbets,2024,4,COIN,26,0.14886153846153846,243,19.9324,252,19.1204
wallstreetbets,2024,4,COOK,2,0.24975,17,3.0133,17,3.0133
wallstreetbets,2024,4,COST,5,0.38136000000000003,140,16.3641,154,20.7344
wallstreetbets,2024,4,CRM,3,0.25989999999999996,135,1.1440000000000003,150,4.1644000000000005
wallstreetbets,2024,4,CRWD,2,0.22115,181,28.5289,201,33.885
wallstreetbets,2024,4,CUK,15,0.1473266666666667,57,4.501,58,5.4305
wallstreetbets,2024,4,DAL,8,0.185675,19,1.2919,19,1.2919
wallstreetbets,2024,4,DDOG,25,0.950976,188,169.5777,189,170.3128
wallstreetbets,2024,4,DEA,8,0.2680125,30,3.0479000000000003,33,4.3463
wallstreetbets,2024,4,DJT,464,0.03688900862068966,1090,52.6347,1109,55.298700000000004
wallstreetbets,2024,4,DKNG,6,0.04146666666666666,90,9.4862,96,11.2276
wallstreetbets,2024,4,DNA,2,0.781,17,2.5175,21,2.6128
wallstreetbets,2024,4,DOW,3,0.1953,38,1.9419,43,2.8691
wallstreetbets,2024,4,DRS,2,0.2959,20,2.5961999999999996,24,5.0069
wallstreetbets,2024,4,DSP,1,0.5719,11,4.0389,15,6.3309
wallstreetbets,2024,4,DTE,13,0.11343076923076922,76,9.7576,79,12.4107
wallstreetbets,2024,4,EMA,2,0.40265,10,2.625,10,2.625
wallstreetbets,2024,4,ENPH,9,0.016744444444444437,32,1.8104,48,2.3592000000000004
wallstreetbets,2024,4,ET,19,0.14436315789473683,50,8.1615,52,7.3059
wallstreetbets,2024,4,EVER,8,0.025487499999999996,36,4.5911,39,5.2599
wallstreetbets,2024,4,FA,1,0.8508,12,1.4744000000000002,14,1.846
wallstreetbets,2024,4,FCF,3,0.5387666666666667,23,5.9644,49,11.8589
wallstreetbets,2024,4,FSLR,1,0.25,18,5.6612,23,7.1035
wallstreetbets,2024,4,GCT,5,0.27447999999999995,12,4.2245,13,5.09
wallstreetbets,2024,4,GEO,2,0.0129,10,0.9408,11,1.6806999999999999
wallstreetbets,2024,4,GM,14,0.16365714285714286,62,7.0787,88,10.992799999999999
wallstreetbets,2024,4,GOOD,6,0.06305,46,22.2465,47,22.0059
wallstreetbets,2024,4,GOOGL,38,0.06004999999999999,147,9.1542,184,23.4018
wallstreetbets,2024,4,GS,7,0.039428571428571424,19,0.6386999999999999,22,1.809
wallstreetbets,2024,4,HD,2,0.1909,18,2.5246,26,4.1335
wallstreetbets,2024,4,HE,12,0.007125000000000002,66,4.677,68,4.8298
wallstreetbets,2024,4,HIMS,4,0.085,165,3.9699999999999993,170,4.8576999999999995
wallstreetbets,2024,4,HOPE,3,0.03306666666666667,18,9.9077,19,10.064
wallstreetbets,2024,4,HP,2,0.2413,26,1.3202,32,3.8353
wallstreetbets,2024,4,HR,4,0.10542500000000002,34,3.0494000000000003,43,4.29
wallstreetbets,2024,4,IBM,16,0.26909375,86,13.6466,119,22.5149
wallstreetbets,2024,4,ICU,1,0.3182,13,3.2477,13,3.2477
wallstreetbets,2024,4,IE,1,0.9463,11,5.0882,11,5.0882
wallstreetbets,2024,4,IONQ,3,0.4804,16,4.9347,20,7.0659
wallstreetbets,2024,4,JBLU,6,0.17626666666666668,23,8.5976,23,8.5976
wallstreetbets,2024,4,JD,3,0.25286666666666663,28,0.2637999999999998,35,2.6704
wallstreetbets,2024,4,JPM,35,0.01903714285714286,93,7.901000000000001,109,10.4651
wallstreetbets,2024,4,KO,10,0.008950000000000003,31,4.4234,40,9.6028
wallstreetbets,2024,4,LCID,3,0.11623333333333336,21,2.1858,24,2.3684000000000003
wallstreetbets,2024,4,LLY,13,0.0687923076923077,160,6.0137,175,10.051400000000001
wallstreetbets,2024,4,LNG,1,0.5574,16,1.6762000000000001,22,2.9363
wallstreetbets,2024,4,LOT,9,0.24081111111111111,63,9.5637,78,14.3235
wallstreetbets,2024,4,LUNR,13,0.114,208,3.3526000000000002,213,3.708
wallstreetbets,2024,4,LUV,4,0.25045,17,1.6452,20,0.8227
wallstreetbets,2024,4,MCD,8,0.05686250000000001,49,1.3277,56,0.9215000000000004
wallstreetbets,2024,4,MNMD,4,0.041375,14,0.7720999999999998,14,0.7720999999999998
wallstreetbets,2024,4,MO,15,0.31958,33,2.8266999999999998,37,3.7300999999999997
wallstreetbets,2024,4,MPW,1,0.533,10,1.0589,14,1.7988
wallstreetbets,2024,4,MRVL,2,0.7349,84,8.3051,85,9.2919
wallstreetbets,2024,4,MSTR,82,0.017153658536585365,342,19.868,358,23.2834
wallstreetbets,2024,4,NET,4,0.187025,56,6.1927,64,8.3415
wallstreetbets,2024,4,NICE,1,0.4588,12,5.6808,13,6.5929
wallstreetbets,2024,4,NKE,7,0.14692857142857146,109,2.5740000000000003,121,8.2551
wallstreetbets,2024,4,NVDA,742,0.03809056603773585,8155,463.7443,8562,572.9347
wallstreetbets,2024,4,NVO,6,0.32865,52,11.082600000000001,66,14.0714
wallstreetbets,2024,4,OI,8,0.1595125,39,2.9015999999999997,40,3.5721
wallstreetbets,2024,4,OKLO,1,0.1531,115,12.4507,116,12.1547
wallstreetbets,2024,4,PAA,111,0.03223783783783784,120,5.6831000000000005,120,5.6831000000000005
wallstreetbets,2024,4,PANW,10,0.09758,252,10.3611,270,16.0606
wallstreetbets,2024,4,PFE,4,0.067875,37,2.0681,63,6.684200000000001
wallstreetbets,2024,4,PINS,4,0.06285,54,3.5244999999999997,55,4.4326
wallstreetbets,2024,4,PLAY,12,0.29884166666666667,42,15.4566,42,15.4566
wallstreetbets,2024,4,PLTR,20,0.14984,410,60.484899999999996,438,70.5968
wallstreetbets,2024,4,PLUG,2,0.148,24,0.7981999999999999,30,2.0592
wallstreetbets,2024,4,POST,2,0.17,14,0.18310000000000026,14,0.18310000000000026
wallstreetbets,2024,4,PSNY,2,0.1909,16,3.6492999999999998,17,3.9893
wallstreetbets,2024,4,PT,4,0.439175,51,7.2368999999999994,56,10.587399999999999
wallstreetbets,2024,4,PTON,2,0.2553,32,1.9744,33,2.3747
wallstreetbets,2024,4,PYPL,16,0.04259375000000001,175,5.6149,193,6.434200000000001
wallstreetbets,2024,4,QCOM,3,0.3074,41,5.2001,45,6.5685
wallstreetbets,2024,4,RC,4,0.262025,49,6.5461,51,6.4945
wallstreetbets,2024,4,REAL,5,0.0374,35,6.5279,36,6.99
wallstreetbets,2024,4,RILY,23,0.09875217391304346,55,0.3094999999999996,57,1.4223999999999997
wallstreetbets,2024,4,RKLB,15,0.12812666666666667,70,12.3001,87,16.6416
wallstreetbets,2024,4,RL,2,0.13395,14,0.8291000000000001,16,1.1572000000000002
wallstreetbets,2024,4,RTX,25,0.061312,66,10.4129,73,12.6255
wallstreetbets,2024,4,SF,5,0.030700000000000005,20,1.2865,32,4.9006
wallstreetbets,2024,4,SIRI,2,0.6857,20,2.6124000000000005,22,3.8397000000000006
wallstreetbets,2024,4,SKY,2,0.2294,10,1.1132,10,1.1132
wallstreetbets,2024,4,SMCI,145,0.07295310344827587,1768,85.1094,1811,92.76820000000001
wallstreetbets,2024,4,SNDL,24,0.13691666666666666,67,6.9245,67,6.9245
wallstreetbets,2024,4,SNOW,9,0.017277777777777774,193,11.3047,206,15.411100000000001
wallstreetbets,2024,4,SOFI,52,0.06183076923076923,233,12.4181,253,16.4154
wallstreetbets,2024,4,SPOT,11,0.04595454545454546,31,2.9222,31,2.9222
wallstreetbets,2024,4,TEAM,6,0.2859333333333334,16,2.6829,16,2.6829
wallstreetbets,2024,4,THC,2,0.50835,11,4.6152,13,5.9121
wallstreetbets,2024,4,TKO,4,0.4318,16,4.0606,17,5.0177
wallstreetbets,2024,4,TOP,3,0.5191333333333333,34,6.8321,34,6.8321
wallstreetbets,2024,4,TTWO,2,0.2652,10,0.1624,16,3.7028000000000003
wallstreetbets,2024,4,TX,7,0.3283142857142857,16,8.6198,19,10.313600000000001
wallstreetbets,2024,4,UAL,18,0.08503333333333335,27,0.4658000000000001,27,0.4658000000000001
wallstreetbets,2024,4,UNH,6,0.11518333333333335,30,2.6864,49,7.3006
wallstreetbets,2024,4,UPS,17,0.08972352941176472,79,7.1075,87,8.5862
wallstreetbets,2024,4,VKTX,7,0.032542857142857144,38,4.3832,41,4.7646
wallstreetbets,2024,4,VRT,7,0.3952,29,6.2019,33,7.3769
wallstreetbets,2024,4,WBA,2,0.4461,15,3.4395,24,4.0301
wallstreetbets,2024,4,WBD,4,0.2819,37,3.0050000000000003,50,6.6303
wallstreetbets,2024,4,WEN,4,0.12765,16,1.883,18,0.8310000000000001
wallstreetbets,2024,4,WING,5,0.17484,19,1.9644,23,4.2242999999999995
wallstreetbets,2024,4,WS,4,0.330225,21,3.9325,24,3.6709
wallstreetbets,2024,4,XOM,13,0.05226153846153847,45,4.6851,54,10.3864
wallstreetbets,2024,4,ZIM,3,0.3713333333333333,86,5.496,89,5.9535
wallstreetbets,2024,5,AA,12,0.057966666666666666,29,0.03180000000000005,33,0.7983
wallstreetbets,2024,5,AAPL,197,0.0541761421319797,1124,44.396,1236,74.772
wallstreetbets,2024,5,ABNB,11,0.001854545454545442,33,3.1940999999999997,39,6.1156999999999995
wallstreetbets,2024,5,ADP,1,0.3164,14,0.8954,15,0.8954
wallstreetbets,2024,5,AG,1,0.6705,10,1.5871,14,1.6408
wallstreetbets,2024,5,AMAT,6,0.15935000000000002,43,3.2804,48,4.6532
wallstreetbets,2024,5,AMC,374,0.03838903743315508,559,24.764499999999998,583,29.8202
wallstreetbets,2024,5,AMD,146,0.12764657534246576,1685,98.3357,1881,156.2066
wallstreetbets,2024,5,AMZN,68,0.4506544117647059,501,189.6498,571,209.4031
wallstreetbets,2024,5,AP,2,0.34745,10,0.7564000000000001,13,0.8183999999999999
wallstreetbets,2024,5,API,3,0.3052333333333333,25,0.9139000000000003,41,6.743
wallstreetbets,2024,5,ARM,40,0.0455175,458,34.2,503,45.4662
wallstreetbets,2024,5,ASML,11,0.31333636363636364,103,10.382200000000001,145,25.8555
wallstreetbets,2024,5,ASTS,36,0.14161666666666667,113,17.2849,122,18.6764
wallstreetbets,2024,5,AVGO,6,0.11644999999999998,172,5.0022,188,7.4493
wallstreetbets,2024,5,AZ,4,0.047325000000000006,17,3.178,18,3.5392
wallstreetbets,2024,5,BC,1,0.4019,12,3.3036,13,3.8813999999999997
wallstreetbets,2024,5,BK,2,0.5721,14,2.554,19,3.4913
wallstreetbets,2024,5,BROS,11,0.18382727272727273,24,5.2279,28,7.2459
wallstreetbets,2024,5,BYD,14,0.022257142857142854,66,0.9091,113,10.4428
wallstreetbets,2024,5,CAR,3,0.05836666666666668,13,0.8054000000000001,15,1.1231
wallstreetbets,2024,5,CAVA,40,0.156325,81,9.144,88,10.2554
wallstreetbets,2024,5,CC,12,0.26444166666666663,68,12.0442,77,15.1906
wallstreetbets,2024,5,CCL,5,0.11148,83,6.6969,85,7.2236
wallstreetbets,2024,5,CELH,9,0.06055555555555556,103,8.7835,127,17.8849
wallstreetbets,2024,5,CGC,16,0.0530875,67,6.8065,67,6.8065
wallstreetbets,2024,5,CHWY,9,0.07226666666666666,42,3.8226999999999998,43,4.2415
wallstreetbets,2024,5,CLSK,6,0.06655,43,3.2358,45,2.808
wallstreetbets,2024,5,CMG,7,0.11512857142857144,58,5.5125,71,11.6945
wallstreetbets,2024,5,CRM,64,0.038384375,135,1.1440000000000003,150,4.1644000000000005
wallstreetbets,2024,5,CROX,3,0.15246666666666667,16,1.8263,28,3.3598
wallstreetbets,2024,5,CRSP,2,0.49515000000000003,12,0.3851000000000001,15,1.4692000000000003
wallstreetbets,2024,5,CRWD,9,0.23806666666666665,181,28.5289,201,33.885
wallstreetbets,2024,5,CSCO,8,0.1774125,41,8.6646,43,9.5004
wallstreetbets,2024,5,DAY,8,0.18905,75,4.0519,76,3.4208999999999996
wallstreetbets,2024,5,DC,12,0.301625,50,5.9796000000000005,57,6.9028
wallstreetbets,2024,5,DDOG,29,0.9222827586206898,188,169.5777,189,170.3128
wallstreetbets,2024,5,DEA,8,0.0005375000000000033,30,3.0479000000000003,33,4.3463
wallstreetbets,2024,5,DIS,22,0.06883636363636364,104,3.7445999999999997,125,9.5596
wallstreetbets,2024,5,DJT,140,0.04630642857142857,1090,52.6347,1109,55.298700000000004
wallstreetbets,2024,5,DKNG,6,0.03953333333333333,90,9.4862,96,11.2276
wallstreetbets,2024,5,DKS,3,0.11213333333333335,17,1.5301999999999998,17,1.5301999999999998
wallstreetbets,2024,5,DNUT,5,0.25134,34,3.3968,34,3.3968
wallstreetbets,2024,5,DOCU,1,0.5023,31,2.9033,31,2.9033
wallstreetbets,2024,5,DOW,8,0.0738,38,1.9419,43,2.8691
wallstreetbets,2024,5,DRS,10,0.27229000000000003,20,2.5961999999999996,24,5.0069
wallstreetbets,2024,5,DSP,1,0.9246,11,4.0389,15,6.3309
wallstreetbets,2024,5,DTE,12,0.15975833333333334,76,9.7576,79,12.4107
wallstreetbets,2024,5,DUOL,4,0.1796,12,1.87,12,1.87
wallstreetbets,2024,5,ELF,8,0.3042875,31,7.3306,44,13.1227
wallstreetbets,2024,5,EMA,1,0.7858,10,2.625,10,2.625
wallstreetbets,2024,5,ENVX,3,0.22413333333333332,23,3.6713,26,5.1963
wallstreetbets,2024,5,ES,6,0.052550000000000006,59,4.401800000000001,61,6.350200000000001
wallstreetbets,2024,5,ET,7,0.24482857142857142,50,8.1615,52,7.3059
wallstreetbets,2024,5,EVER,3,0.30023333333333335,36,4.5911,39,5.2599
wallstreetbets,2024,5,FA,1,0.5994,12,1.4744000000000002,14,1.846
wallstreetbets,2024,5,FCF,2,0.4134,23,5.9644,49,11.8589
wallstreetbets,2024,5,FL,2,0.4493,24,3.6364,29,5.1087
wallstreetbets,2024,5,FROG,3,0.30243333333333333,16,3.5262000000000002,16,3.5262000000000002
wallstreetbets,2024,5,FSLR,8,0.29862500000000003,18,5.6612,23,7.1035
wallstreetbets,2024,5,GE,8,0.0502375,53,0.6866,77,8.027
wallstreetbets,2024,5,GEO,2,0.8528,10,0.9408,11,1.6806999999999999
wallstreetbets,2024,5,GM,11,0.00750909090909091,62,7.0787,88,10.992799999999999
wallstreetbets,2024,5,GME,72,0.36669583333333333,174,38.9027,231,48.6789
wallstreetbets,2024,5,GOOD,5,0.6673,46,22.2465,47,22.0059
wallstreetbets,2024,5,GOOGL,22,0.1417,147,9.1542,184,23.4018
wallstreetbets,2024,5,HD,4,0.632875,18,2.5246,26,4.1335
wallstreetbets,2024,5,HE,15,0.17007999999999998,66,4.677,68,4.8298
wallstreetbets,2024,5,HOOD,95,0.05793368421052632,300,21.633,305,23.720200000000002
wallstreetbets,2024,5,HOPE,4,0.460275,18,9.9077,19,10.064
wallstreetbets,2024,5,HPE,7,0.2794,155,3.4215,159,3.9544
wallstreetbets,2024,5,HPQ,6,0.05851666666666667,10,1.8599999999999999,11,2.8436000000000003
wallstreetbets,2024,5,HR,10,0.06571,34,3.0494000000000003,43,4.29
wallstreetbets,2024,5,IBM,8,0.2880125,86,13.6466,119,22.5149
wallstreetbets,2024,5,IBRX,30,0.055913333333333336,51,0.5835999999999999,54,0.3019000000000001
wallstreetbets,2024,5,ICU,1,0.8477,13,3.2477,13,3.2477
wallstreetbets,2024,5,IE,1,0.0387,11,5.0882,11,5.0882
wallstreetbets,2024,5,INTC,51,0.07036666666666667,390,8.013499999999999,438,18.772299999999998
wallstreetbets,2024,5,JPM,13,0.09995384615384614,93,7.901000000000001,109,10.4651
wallstreetbets,2024,5,KO,3,0.23243333333333335,31,4.4234,40,9.6028
wallstreetbets,2024,5,LCID,6,0.07725,21,2.1858,24,2.3684000000000003
wallstreetbets,2024,5,LLY,8,0.2611375,160,6.0137,175,10.051400000000001
wallstreetbets,2024,5,LNG,3,0.02783333333333334,16,1.6762000000000001,22,2.9363
wallstreetbets,2024,5,LOT,6,0.008766666666666664,63,9.5637,78,14.3235
wallstreetbets,2024,5,MC,6,0.39830000000000004,25,5.2598,29,6.0456
wallstreetbets,2024,5,MDB,7,0.1745857142857143,27,3.7432,28,3.7432
wallstreetbets,2024,5,META,27,0.05721111111111111,547,28.0948,637,46.2566
wallstreetbets,2024,5,MPW,2,0.3243,10,1.0589,14,1.7988
wallstreetbets,2024,5,MRNA,6,0.009516666666666673,22,4.5771,24,5.2783
wallstreetbets,2024,5,MRVL,4,0.35015,84,8.3051,85,9.2919
wallstreetbets,2024,5,MSFT,50,0.08567,523,31.0582,623,59.1218
wallstreetbets,2024,5,MSTR,19,0.05617368421052631,342,19.868,358,23.2834
wallstreetbets,2024,5,MU,7,0.07784285714285714,349,10.1585,351,11.4006
wallstreetbets,2024,5,NET,7,0.02829999999999999,56,6.1927,64,8.3415
wallstreetbets,2024,5,NFLX,3,0.3263,159,3.8242,174,5.3685
wallstreetbets,2024,5,NGL,4,0.4183,12,1.8873,13,2.6303
wallstreetbets,2024,5,NKE,5,0.059199999999999996,109,2.5740000000000003,121,8.2551
wallstreetbets,2024,5,NNE,2,0.6062000000000001,11,2.232,12,2.232
wallstreetbets,2024,5,NVAX,21,0.12927619047619046,29,3.7752,29,3.7752
wallstreetbets,2024,5,NVDA,1150,0.04394591304347826,8155,463.7443,8562,572.9347
wallstreetbets,2024,5,NVO,9,0.2636666666666667,52,11.082600000000001,66,14.0714
wallstreetbets,2024,5,OI,4,0.22897499999999998,39,2.9015999999999997,40,3.5721
wallstreetbets,2024,5,OKLO,106,0.10598867924528302,115,12.4507,116,12.1547
wallstreetbets,2024,5,PAA,5,0.16072000000000003,120,5.6831000000000005,120,5.6831000000000005
wallstreetbets,2024,5,PANW,30,0.05264666666666667,252,10.3611,270,16.0606
wallstreetbets,2024,5,PLAY,3,0.6428,42,15.4566,42,15.4566
wallstreetbets,2024,5,PLTR,112,0.12764999999999999,410,60.484899999999996,438,70.5968
wallstreetbets,2024,5,PSA,3,0.15613333333333332,15,1.8095999999999999,17,2.5192
wallstreetbets,2024,5,PTON,11,0.13837272727272729,32,1.9744,33,2.3747
wallstreetbets,2024,5,PYPL,7,0.024399999999999995,175,5.6149,193,6.434200000000001
wallstreetbets,2024,5,QCOM,6,0.4679333333333333,41,5.2001,45,6.5685
wallstreetbets,2024,5,RC,11,0.10833636363636363,49,6.5461,51,6.4945
wallstreetbets,2024,5,REAL,4,0.2392,35,6.5279,36,6.99
wallstreetbets,2024,5,RIVN,33,0.0777878787878788,208,7.9627,213,9.373
wallstreetbets,2024,5,RKLB,17,0.2505294117647059,70,12.3001,87,16.6416
wallstreetbets,2024,5,RTX,5,0.03096000000000001,66,10.4129,73,12.6255
wallstreetbets,2024,5,RUM,2,0.34685,36,4.8322,38,4.8322
wallstreetbets,2024,5,SD,2,0.8,11,1.4121000000000001,11,1.4121000000000001
wallstreetbets,2024,5,SF,3,0.18086666666666665,20,1.2865,32,4.9006
wallstreetbets,2024,5,SHOP,12,0.06829166666666668,63,7.2785,68,10.3101
wallstreetbets,2024,5,SIRI,4,0.162175,20,2.6124000000000005,22,3.8397000000000006
wallstreetbets,2024,5,SMR,2,0.28595,23,3.8023,28,5.2874
wallstreetbets,2024,5,SMTC,1,0.5199,19,2.8647,19,2.8647
wallstreetbets,2024,5,SNDL,36,0.10015277777777779,67,6.9245,67,6.9245
wallstreetbets,2024,5,SNOW,17,0.11213529411764706,193,11.3047,206,15.411100000000001
wallstreetbets,2024,5,SOFI,43,0.017158139534883723,233,12.4181,253,16.4154
wallstreetbets,2024,5,SOUN,10,0.26850999999999997,390,9.345,394,11.199100000000001
wallstreetbets,2024,5,TBH,6,0.07696666666666667,27,1.3501,31,2.1347
wallstreetbets,2024,5,TGT,12,0.033224999999999984,50,7.3443,58,7.6393
wallstreetbets,2024,5,THC,4,0.44415,11,4.6152,13,5.9121
wallstreetbets,2024,5,TKO,9,0.0919,16,4.0606,17,5.0177
wallstreetbets,2024,5,TLRY,38,0.14609210526315788,107,1.3428999999999998,108,1.3428999999999998
wallstreetbets,2024,5,TOP,2,0.2997,34,6.8321,34,6.8321
wallstreetbets,2024,5,TSLA,203,0.03496453201970443,2178,33.6195,2314,64.3603
wallstreetbets,2024,5,TSM,45,0.18803777777777778,1085,63.6811,1132,81.265
wallstreetbets,2024,5,TTWO,2,0.11205000000000001,10,0.1624,16,3.7028000000000003
wallstreetbets,2024,5,TWO,5,0.009800000000000008,16,1.7008999999999999,16,1.7008999999999999
wallstreetbets,2024,5,TX,2,0.8058000000000001,16,8.6198,19,10.313600000000001
wallstreetbets,2024,5,UA,7,0.43591428571428575,10,1.5436999999999999,15,3.8850000000000002
wallstreetbets,2024,5,UBER,9,0.31787777777777776,35,4.129,40,7.2652
wallstreetbets,2024,5,UNH,4,0.202375,30,2.6864,49,7.3006
wallstreetbets,2024,5,VC,3,0.07933333333333331,22,3.5681000000000003,31,7.3494
wallstreetbets,2024,5,VRT,6,0.3091333333333333,29,6.2019,33,7.3769
wallstreetbets,2024,5,WBD,3,0.042666666666666665,37,3.0050000000000003,50,6.6303
wallstreetbets,2024,5,WELL,2,0.22815,10,1.0520999999999998,10,1.0520999999999998
wallstreetbets,2024,5,WEN,4,0.38935,16,1.883,18,0.8310000000000001
wallstreetbets,2024,5,WING,2,0.20965,19,1.9644,23,4.2242999999999995
wallstreetbets,2024,5,WMT,12,0.25699999999999995,54,7.2341,60,7.6143
wallstreetbets,2024,5,WOW,6,0.6781666666666667,24,12.358,26,13.6979
wallstreetbets,2024,5,WS,4,0.07600000000000001,21,3.9325,24,3.6709
wallstreetbets,2024,5,XOM,3,0.11180000000000001,45,4.6851,54,10.3864
wallstreetbets,2024,5,ZIM,6,0.03265,86,5.496,89,5.9535
wallstreetbets,2024,6,ACB,6,0.29996666666666666,24,3.6031,27,4.5297
wallstreetbets,2024,6,ADP,7,0.18148571428571428,14,0.8954,15,0.8954
wallstreetbets,2024,6,AFRM,3,0.09176666666666666,66,3.6538,67,4.1234
wallstreetbets,2024,6,AGI,14,0.13125714285714288,53,6.3882,65,12.6921
wallstreetbets,2024,6,AMC,29,0.10719999999999999,559,24.764499999999998,583,29.8202
wallstreetbets,2024,6,AMD,178,0.06597078651685394,1685,98.3357,1881,156.2066
wallstreetbets,2024,6,AMZN,75,0.3494893333333333,501,189.6498,571,209.4031
wallstreetbets,2024,6,ANET,2,0.1591,33,6.6721,38,9.8095
wallstreetbets,2024,6,API,4,0.05447500000000001,25,0.9139000000000003,41,6.743
wallstreetbets,2024,6,ARM,44,0.20470454545454544,458,34.2,503,45.4662
wallstreetbets,2024,6,ASIC,2,0.10899999999999999,12,3.5378,14,3.8110999999999997
wallstreetbets,2024,6,ASML,25,0.156676,103,10.382200000000001,145,25.8555
wallstreetbets,2024,6,ASTS,66,0.14401818181818182,113,17.2849,122,18.6764
wallstreetbets,2024,6,AVGO,81,0.048254320987654316,172,5.0022,188,7.4493
wallstreetbets,2024,6,BABA,7,0.18730000000000002,172,13.404399999999999,200,19.1518
wallstreetbets,2024,6,BBWI,14,0.044185714285714286,16,0.8686,16,0.8686
wallstreetbets,2024,6,BIDU,2,0.52495,16,0.6903999999999999,18,2.4857
wallstreetbets,2024,6,BK,3,0.23046666666666668,14,2.554,19,3.4913
wallstreetbets,2024,6,BOOM,3,0.2712333333333333,21,3.9045,22,3.9045
wallstreetbets,2024,6,BROS,5,0.19826,24,5.2279,28,7.2459
wallstreetbets,2024,6,BYND,1,0.34,55,2.8787,60,6.295
wallstreetbets,2024,6,CAVA,6,0.08600000000000001,81,9.144,88,10.2554
wallstreetbets,2024,6,CB,2,0.7112,11,1.9148,12,2.537
wallstreetbets,2024,6,CC,12,0.29993333333333333,68,12.0442,77,15.1906
wallstreetbets,2024,6,CCJ,2,0.17,12,1.4975,13,1.4975
wallstreetbets,2024,6,CCL,20,0.19124,83,6.6969,85,7.2236
wallstreetbets,2024,6,CELH,27,0.15790370370370369,103,8.7835,127,17.8849
wallstreetbets,2024,6,CGC,2,0.5897,67,6.8065,67,6.8065
wallstreetbets,2024,6,CHGG,1,0.3612,11,0.3273,12,0.9978
wallstreetbets,2024,6,CHWY,14,0.17217857142857143,42,3.8226999999999998,43,4.2415
wallstreetbets,2024,6,CMG,20,0.0147,58,5.5125,71,11.6945
wallstreetbets,2024,6,COIN,8,0.152175,243,19.9324,252,19.1204
wallstreetbets,2024,6,COOK,5,0.13834,17,3.0133,17,3.0133
wallstreetbets,2024,6,COST,8,0.177825,140,16.3641,154,20.7344
wallstreetbets,2024,6,CPA,2,0.33915,13,0.3184999999999999,16,-0.9248000000000001
wallstreetbets,2024,6,CRM,29,0.0406551724137931,135,1.1440000000000003,150,4.1644000000000005
wallstreetbets,2024,6,CSCO,11,0.15819090909090908,41,8.6646,43,9.5004
wallstreetbets,2024,6,CVX,1,0.34,10,2.708,15,4.972
wallstreetbets,2024,6,DAL,1,0.6478,19,1.2919,19,1.2919
wallstreetbets,2024,6,DAY,13,0.1061076923076923,75,4.0519,76,3.4208999999999996
wallstreetbets,2024,6,DDOG,25,0.9905240000000001,188,169.5777,189,170.3128
wallstreetbets,2024,6,DE,2,0.9279999999999999,10,1.7409999999999999,14,3.2561
wallstreetbets,2024,6,DEI,1,0.6814,43,4.2896,51,5.1152
wallstreetbets,2024,6,DJT,44,0.09402500000000001,1090,52.6347,1109,55.298700000000004
wallstreetbets,2024,6,DOCU,14,0.17128571428571426,31,2.9033,31,2.9033
wallstreetbets,2024,6,DTE,7,0.06770000000000001,76,9.7576,79,12.4107
wallstreetbets,2024,6,ELF,1,0.3595,31,7.3306,44,13.1227
wallstreetbets,2024,6,ENPH,5,0.16244,32,1.8104,48,2.3592000000000004
wallstreetbets,2024,6,ENVX,6,0.22181666666666666,23,3.6713,26,5.1963
wallstreetbets,2024,6,ES,4,0.07569999999999999,59,4.401800000000001,61,6.350200000000001
wallstreetbets,2024,6,ET,6,0.14283333333333334,50,8.1615,52,7.3059
wallstreetbets,2024,6,FCF,5,0.5668200000000001,23,5.9644,49,11.8589
wallstreetbets,2024,6,FSLR,1,0.4847,18,5.6612,23,7.1035
wallstreetbets,2024,6,FSLY,1,0.4215,20,0.2398,21,-0.2479
wallstreetbets,2024,6,GE,2,0.2463,53,0.6866,77,8.027
wallstreetbets,2024,6,GM,5,0.41331999999999997,62,7.0787,88,10.992799999999999
wallstreetbets,2024,6,GME,57,0.5604350877192983,174,38.9027,231,48.6789
wallstreetbets,2024,6,GOOD,10,0.62293,46,22.2465,47,22.0059
wallstreetbets,2024,6,GOOGL,13,0.13023076923076923,147,9.1542,184,23.4018
wallstreetbets,2024,6,GRND,73,0.11210000000000002,90,7.421,92,7.421
wallstreetbets,2024,6,GS,2,0.0386,19,0.6386999999999999,22,1.809
wallstreetbets,2024,6,GTLB,3,0.17556666666666665,22,1.4853999999999996,23,1.4853999999999996
wallstreetbets,2024,6,HD,1,0.4939,18,2.5246,26,4.1335
wallstreetbets,2024,6,HE,7,0.20911428571428572,66,4.677,68,4.8298
wallstreetbets,2024,6,HIMS,59,0.05306949152542373,165,3.9699999999999993,170,4.8576999999999995
wallstreetbets,2024,6,HOOD,37,0.06409459459459459,300,21.633,305,23.720200000000002
wallstreetbets,2024,6,HOPE,3,0.7063,18,9.9077,19,10.064
wallstreetbets,2024,6,HP,8,0.013949999999999997,26,1.3202,32,3.8353
wallstreetbets,2024,6,HR,7,0.11184285714285715,34,3.0494000000000003,43,4.29
wallstreetbets,2024,6,IBM,7,0.05961428571428571,86,13.6466,119,22.5149
wallstreetbets,2024,6,IE,1,0.4404,11,5.0882,11,5.0882
wallstreetbets,2024,6,INTC,39,0.19173846153846155,390,8.013499999999999,438,18.772299999999998
wallstreetbets,2024,6,JBLU,1,0.9883,23,8.5976,23,8.5976
wallstreetbets,2024,6,JPM,6,0.2813833333333333,93,7.901000000000001,109,10.4651
wallstreetbets,2024,6,KO,1,0.1695,31,4.4234,40,9.6028
wallstreetbets,2024,6,LAZR,1,0.802,15,1.9447,15,1.9447
wallstreetbets,2024,6,LLY,18,0.040216666666666664,160,6.0137,175,10.051400000000001
wallstreetbets,2024,6,LNG,2,0.2553,16,1.6762000000000001,22,2.9363
wallstreetbets,2024,6,LOT,8,0.1752125,63,9.5637,78,14.3235
wallstreetbets,2024,6,LUNR,8,0.1388375,208,3.3526000000000002,213,3.708
wallstreetbets,2024,6,MARA,9,0.05493333333333333,463,15.354299999999999,467,14.6836
wallstreetbets,2024,6,MDB,4,0.0625,27,3.7432,28,3.7432
wallstreetbets,2024,6,META,27,0.09508888888888888,547,28.0948,637,46.2566
wallstreetbets,2024,6,MNMD,1,0.4215,14,0.7720999999999998,14,0.7720999999999998
wallstreetbets,2024,6,MRNA,3,0.2869,22,4.5771,24,5.2783
wallstreetbets,2024,6,MSFT,67,0.08788507462686568,523,31.0582,623,59.1218
wallstreetbets,2024,6,MSTR,13,0.2036923076923077,342,19.868,358,23.2834
wallstreetbets,2024,6,MU,187,0.044505347593582885,349,10.1585,351,11.4006
wallstreetbets,2024,6,NEXT,4,0.35215,39,6.1684,40,6.0153
wallstreetbets,2024,6,NICE,1,0.5473,12,5.6808,13,6.5929
wallstreetbets,2024,6,NNE,9,0.1132888888888889,11,2.232,12,2.232
wallstreetbets,2024,6,NOK,2,0.50065,15,2.1393,18,2.8396
wallstreetbets,2024,6,NVDA,1906,0.06546720881427072,8155,463.7443,8562,572.9347
wallstreetbets,2024,6,NVO,5,0.030200000000000005,52,11.082600000000001,66,14.0714
wallstreetbets,2024,6,OI,7,0.2601428571428571,39,2.9015999999999997,40,3.5721
wallstreetbets,2024,6,OKLO,7,0.11024285714285716,115,12.4507,116,12.1547
wallstreetbets,2024,6,ORCL,10,0.3136,46,5.4943,47,6.087
wallstreetbets,2024,6,OXY,8,0.1349625,49,6.7797,52,7.5998
wallstreetbets,2024,6,PANW,9,0.04706666666666666,252,10.3611,270,16.0606
wallstreetbets,2024,6,PEG,2,0.6452,18,2.3802000000000003,24,4.2432
wallstreetbets,2024,6,PFE,3,0.09546666666666666,37,2.0681,63,6.684200000000001
wallstreetbets,2024,6,PLAY,9,0.39855555555555555,42,15.4566,42,15.4566
wallstreetbets,2024,6,PLTR,34,0.14333823529411766,410,60.484899999999996,438,70.5968
wallstreetbets,2024,6,PLUG,2,0.29295,24,0.7981999999999999,30,2.0592
wallstreetbets,2024,6,PSNY,2,0.47715,16,3.6492999999999998,17,3.9893
wallstreetbets,2024,6,PT,6,0.39083333333333337,51,7.2368999999999994,56,10.587399999999999
wallstreetbets,2024,6,PYPL,10,0.14908,175,5.6149,193,6.434200000000001
wallstreetbets,2024,6,QCOM,7,0.03380000000000001,41,5.2001,45,6.5685
wallstreetbets,2024,6,RC,28,0.03253928571428572,49,6.5461,51,6.4945
wallstreetbets,2024,6,RKLB,12,0.083525,70,12.3001,87,16.6416
wallstreetbets,2024,6,RL,1,0.1901,14,0.8291000000000001,16,1.1572000000000002
wallstreetbets,2024,6,RTX,4,0.0683,66,10.4129,73,12.6255
wallstreetbets,2024,6,SB,1,0.2263,10,1.4113,11,2.0650999999999997
wallstreetbets,2024,6,SF,3,0.18183333333333332,20,1.2865,32,4.9006
wallstreetbets,2024,6,SHOP,8,0.1894375,63,7.2785,68,10.3101
wallstreetbets,2024,6,SIRI,4,0.44730000000000003,20,2.6124000000000005,22,3.8397000000000006
wallstreetbets,2024,6,SMCI,85,0.060307058823529415,1768,85.1094,1811,92.76820000000001
wallstreetbets,2024,6,SMR,6,0.20356666666666667,23,3.8023,28,5.2874
wallstreetbets,2024,6,SNDL,5,0.35728,67,6.9245,67,6.9245
wallstreetbets,2024,6,SNOW,20,0.10861000000000001,193,11.3047,206,15.411100000000001
wallstreetbets,2024,6,SOFI,14,0.024478571428571433,233,12.4181,253,16.4154
wallstreetbets,2024,6,SOUN,1,0.917,390,9.345,394,11.199100000000001
wallstreetbets,2024,6,SPOT,3,0.3728666666666667,31,2.9222,31,2.9222
wallstreetbets,2024,6,SPWR,6,0.31729999999999997,15,2.0641,15,2.0641
wallstreetbets,2024,6,SW,3,0.5234,13,5.981,19,6.6085
wallstreetbets,2024,6,TBH,5,0.2263,27,1.3501,31,2.1347
wallstreetbets,2024,6,THC,1,0.6599,11,4.6152,13,5.9121
wallstreetbets,2024,6,TIL,9,0.01258888888888889,37,1.9968000000000001,42,3.3967
wallstreetbets,2024,6,TSLA,231,0.051019913419913424,2178,33.6195,2314,64.3603
wallstreetbets,2024,6,TSM,46,0.1396021739130435,1085,63.6811,1132,81.265
wallstreetbets,2024,6,TX,1,0.6154,16,8.6198,19,10.313600000000001
wallstreetbets,2024,6,UNH,1,0.2481,30,2.6864,49,7.3006
wallstreetbets,2024,6,UPS,5,0.33621999999999996,79,7.1075,87,8.5862
wallstreetbets,2024,6,UPST,2,0.31835,24,0.7095,26,0.7095
wallstreetbets,2024,6,VSCO,4,0.442925,23,2.5484,23,2.5484
wallstreetbets,2024,6,WBA,8,0.2633625,15,3.4395,24,4.0301
wallstreetbets,2024,6,WING,1,0.4404,19,1.9644,23,4.2242999999999995
wallstreetbets,2024,6,WOW,2,0.71945,24,12.358,26,13.6979
wallstreetbets,2024,6,XOM,3,0.2406,45,4.6851,54,10.3864
